customer_index,window_id,predicted_churn_prob,model_prediction,actual_churn,is_model_error,uncertainty_score_U,drift_severity_D,composite_score,is_deferred,shap_explanation_1,shap_explanation_2,shap_explanation_3,tenure,MonthlyCharges,TotalCharges,Contract_Two_year,Contract_One_year
6721,9,0.3574,1,1,0,0.3574,1.0,1.411,1,"tenure (increases churn risk, SHAP=1.232)","Contract_Two year (increases churn risk, SHAP=1.107)","MonthlyCharges (decreases churn risk, SHAP=-1.059)",1.0,90.85,90.85,0.0,0.0
7005,9,0.3717,1,1,0,0.3717,0.9441,1.3685,1,"PaymentMethod_Electronic check (increases churn risk, SHAP=1.383)","tenure (increases churn risk, SHAP=1.247)","Contract_Two year (increases churn risk, SHAP=1.112)",1.0,90.55,90.55,0.0,0.0
6606,9,0.37,1,1,0,0.37,0.9441,1.3664,1,"PaymentMethod_Electronic check (increases churn risk, SHAP=1.383)","tenure (increases churn risk, SHAP=1.247)","Contract_Two year (increases churn risk, SHAP=1.112)",1.0,89.9,89.9,0.0,0.0
6723,9,0.3608,1,0,1,0.3608,0.9248,1.3357,1,"PaymentMethod_Electronic check (increases churn risk, SHAP=1.383)","tenure (increases churn risk, SHAP=1.273)","Contract_Two year (increases churn risk, SHAP=1.112)",1.0,89.25,89.25,0.0,0.0
6713,9,0.3608,1,1,0,0.3608,0.9248,1.3357,1,"PaymentMethod_Electronic check (increases churn risk, SHAP=1.383)","tenure (increases churn risk, SHAP=1.273)","Contract_Two year (increases churn risk, SHAP=1.112)",1.0,89.55,89.55,0.0,0.0
6639,9,0.3608,1,1,0,0.3608,0.9248,1.3357,1,"PaymentMethod_Electronic check (increases churn risk, SHAP=1.383)","tenure (increases churn risk, SHAP=1.273)","Contract_Two year (increases churn risk, SHAP=1.112)",1.0,89.1,89.1,0.0,0.0
6486,9,0.3608,1,1,0,0.3608,0.9248,1.3357,1,"PaymentMethod_Electronic check (increases churn risk, SHAP=1.383)","tenure (increases churn risk, SHAP=1.273)","Contract_Two year (increases churn risk, SHAP=1.112)",1.0,88.35,88.35,0.0,0.0
6489,9,0.3566,1,1,0,0.3566,0.8719,1.2751,1,"PaymentMethod_Electronic check (increases churn risk, SHAP=1.378)","Contract_Two year (increases churn risk, SHAP=1.104)","tenure (increases churn risk, SHAP=0.926)",1.0,91.3,91.3,0.0,0.0
6160,8,0.3701,1,0,1,0.3701,0.8559,1.2735,1,"PaymentMethod_Electronic check (increases churn risk, SHAP=1.318)","tenure (increases churn risk, SHAP=1.247)","Contract_Two year (increases churn risk, SHAP=1.109)",3.0,92.0,266.8,0.0,0.0
6458,9,0.37,1,1,0,0.37,0.8495,1.2667,1,"tenure (increases churn risk, SHAP=1.206)","Contract_Two year (increases churn risk, SHAP=0.687)","TotalCharges (increases churn risk, SHAP=0.633)",1.0,95.45,95.45,0.0,0.0
6806,9,0.3759,1,1,0,0.3759,0.8285,1.2511,1,"tenure (increases churn risk, SHAP=1.046)","Contract_Two year (increases churn risk, SHAP=0.710)","TotalCharges (increases churn risk, SHAP=0.670)",1.0,94.0,94.0,0.0,0.0
6541,9,0.3757,1,1,0,0.3757,0.8285,1.2508,1,"tenure (increases churn risk, SHAP=1.046)","Contract_Two year (increases churn risk, SHAP=0.710)","TotalCharges (increases churn risk, SHAP=0.670)",1.0,93.55,93.55,0.0,0.0
6395,9,0.3475,1,1,0,0.3475,0.8565,1.2486,1,"PaymentMethod_Electronic check (increases churn risk, SHAP=1.621)","tenure (increases churn risk, SHAP=0.950)","Contract_Two year (increases churn risk, SHAP=0.792)",2.0,45.25,85.5,0.0,0.0
6986,9,0.3656,1,1,0,0.3656,0.8364,1.2479,1,"tenure (increases churn risk, SHAP=1.195)","Contract_Two year (increases churn risk, SHAP=0.681)","TotalCharges (increases churn risk, SHAP=0.546)",1.0,93.3,93.3,0.0,0.0
5750,8,0.3754,1,1,0,0.3754,0.8173,1.2388,1,"PaymentMethod_Electronic check (increases churn risk, SHAP=1.378)","Contract_Two year (increases churn risk, SHAP=1.148)","tenure (increases churn risk, SHAP=1.091)",5.0,91.4,449.75,0.0,0.0
6730,9,0.3223,1,0,1,0.3223,0.8681,1.2324,1,"MonthlyCharges (decreases churn risk, SHAP=-1.113)","PaymentMethod_Electronic check (increases churn risk, SHAP=0.988)","Contract_Two year (increases churn risk, SHAP=0.968)",1.0,90.1,90.1,0.0,0.0
6973,9,0.2754,1,1,0,0.2754,0.916,1.2293,1,"MonthlyCharges (decreases churn risk, SHAP=-1.460)","tenure (increases churn risk, SHAP=0.991)","Contract_Two year (increases churn risk, SHAP=0.929)",1.0,45.3,45.3,0.0,0.0
6442,9,0.3643,1,1,0,0.3643,0.8125,1.2213,1,"PaymentMethod_Electronic check (increases churn risk, SHAP=1.369)","Contract_Two year (increases churn risk, SHAP=0.973)","tenure (increases churn risk, SHAP=0.914)",1.0,90.75,90.75,0.0,0.0
6605,9,0.3214,1,1,0,0.3214,0.8522,1.2148,1,"PaymentMethod_Electronic check (increases churn risk, SHAP=1.378)","Contract_Two year (increases churn risk, SHAP=1.104)","tenure (increases churn risk, SHAP=0.952)",1.0,89.3,89.3,0.0,0.0
5912,8,0.3608,1,1,0,0.3608,0.8098,1.2144,1,"PaymentMethod_Electronic check (increases churn risk, SHAP=1.383)","tenure (increases churn risk, SHAP=1.273)","Contract_Two year (increases churn risk, SHAP=1.112)",4.0,88.45,370.65,0.0,0.0
5719,8,0.3641,1,1,0,0.3641,0.8,1.2079,1,"PaymentMethod_Electronic check (increases churn risk, SHAP=1.378)","Contract_Two year (increases churn risk, SHAP=1.148)","tenure (increases churn risk, SHAP=1.117)",5.0,89.5,477.7,0.0,0.0
6687,9,0.308,1,1,0,0.308,0.852,1.1993,1,"PaymentMethod_Electronic check (increases churn risk, SHAP=1.383)","tenure (increases churn risk, SHAP=1.100)","Contract_Two year (increases churn risk, SHAP=1.006)",1.0,90.6,90.6,0.0,0.0
6752,9,0.308,1,1,0,0.308,0.852,1.1993,1,"PaymentMethod_Electronic check (increases churn risk, SHAP=1.383)","tenure (increases churn risk, SHAP=1.100)","Contract_Two year (increases churn risk, SHAP=1.006)",1.0,90.55,90.55,0.0,0.0
6185,8,0.3438,1,1,0,0.3438,0.8046,1.1899,1,"PaymentMethod_Electronic check (increases churn risk, SHAP=1.318)","tenure (increases churn risk, SHAP=1.082)","Contract_Two year (increases churn risk, SHAP=1.065)",2.0,90.4,168.2,0.0,0.0
6355,9,0.2378,1,1,0,0.2378,0.9168,1.1873,1,"StreamingTV_Yes (decreases churn risk, SHAP=-2.249)","tenure (increases churn risk, SHAP=1.440)","MonthlyCharges (decreases churn risk, SHAP=-1.436)",2.0,86.0,165.45,0.0,0.0
6791,9,0.252,1,1,0,0.252,0.901,1.1871,1,"StreamingTV_Yes (decreases churn risk, SHAP=-2.249)","tenure (increases churn risk, SHAP=1.379)","PaymentMethod_Electronic check (increases churn risk, SHAP=1.140)",1.0,55.0,55.0,0.0,0.0
6860,9,0.252,1,0,1,0.252,0.901,1.1871,1,"StreamingTV_Yes (decreases churn risk, SHAP=-2.249)","tenure (increases churn risk, SHAP=1.379)","PaymentMethod_Electronic check (increases churn risk, SHAP=1.140)",1.0,55.25,55.25,0.0,0.0
6147,8,0.2509,1,0,1,0.2509,0.8988,1.1835,1,"MonthlyCharges (decreases churn risk, SHAP=-1.198)","tenure (increases churn risk, SHAP=1.127)","Contract_Two year (increases churn risk, SHAP=0.996)",3.0,90.7,237.65,0.0,0.0
7002,9,0.2412,1,1,0,0.2412,0.9069,1.1808,1,"StreamingTV_Yes (decreases churn risk, SHAP=-2.249)","tenure (increases churn risk, SHAP=1.440)","MonthlyCharges (decreases churn risk, SHAP=-1.342)",1.0,86.6,86.6,0.0,0.0
7015,9,0.2416,1,1,0,0.2416,0.9061,1.1805,1,"StreamingTV_Yes (decreases churn risk, SHAP=-2.249)","tenure (increases churn risk, SHAP=1.418)","MonthlyCharges (decreases churn risk, SHAP=-1.354)",1.0,79.25,79.25,0.0,0.0
6445,9,0.2416,1,1,0,0.2416,0.9061,1.1805,1,"StreamingTV_Yes (decreases churn risk, SHAP=-2.249)","tenure (increases churn risk, SHAP=1.418)","MonthlyCharges (decreases churn risk, SHAP=-1.354)",1.0,80.8,80.8,0.0,0.0
6549,9,0.3508,1,1,0,0.3508,0.7878,1.1801,1,"tenure (increases churn risk, SHAP=1.026)","TotalCharges (increases churn risk, SHAP=0.703)","Contract_Two year (increases churn risk, SHAP=0.643)",1.0,94.6,94.6,0.0,0.0
6856,9,0.3555,1,1,0,0.3555,0.7765,1.1735,1,"tenure (increases churn risk, SHAP=1.026)","TotalCharges (increases churn risk, SHAP=0.716)","Contract_Two year (increases churn risk, SHAP=0.643)",1.0,93.85,93.85,0.0,0.0
6735,9,0.2168,1,0,1,0.2168,0.9235,1.1703,1,"MonthlyCharges (decreases churn risk, SHAP=-1.570)","tenure (increases churn risk, SHAP=1.093)","Contract_Two year (increases churn risk, SHAP=1.063)",1.0,89.35,89.35,0.0,0.0
6897,9,0.2158,1,0,1,0.2158,0.9212,1.1668,1,"MonthlyCharges (decreases churn risk, SHAP=-1.500)","tenure (increases churn risk, SHAP=1.113)","Contract_Two year (increases churn risk, SHAP=0.916)",1.0,62.8,62.8,0.0,0.0
6050,8,0.3704,1,0,1,0.3704,0.7455,1.1573,1,"tenure (increases churn risk, SHAP=1.046)","Contract_Two year (increases churn risk, SHAP=0.717)","TotalCharges (increases churn risk, SHAP=0.658)",3.0,94.85,335.75,0.0,0.0
6260,8,0.374,1,1,0,0.374,0.7349,1.1501,1,"tenure (increases churn risk, SHAP=1.046)","Contract_Two year (increases churn risk, SHAP=0.717)","TotalCharges (increases churn risk, SHAP=0.671)",2.0,94.0,181.7,0.0,0.0
6330,8,0.374,1,1,0,0.374,0.7349,1.1501,1,"tenure (increases churn risk, SHAP=1.046)","Contract_Two year (increases churn risk, SHAP=0.717)","TotalCharges (increases churn risk, SHAP=0.671)",2.0,93.85,196.75,0.0,0.0
5101,7,0.3576,1,1,0,0.3576,0.7465,1.1441,1,"PaymentMethod_Electronic check (increases churn risk, SHAP=1.318)","tenure (increases churn risk, SHAP=1.273)","Contract_Two year (increases churn risk, SHAP=1.109)",10.0,89.5,863.1,0.0,0.0
5756,8,0.3665,1,1,0,0.3665,0.734,1.1408,1,"tenure (increases churn risk, SHAP=1.249)","Contract_Two year (increases churn risk, SHAP=0.680)","TotalCharges (increases churn risk, SHAP=0.623)",5.0,94.85,462.8,0.0,0.0
5782,8,0.3401,1,1,0,0.3401,0.7567,1.1354,1,"tenure (increases churn risk, SHAP=1.191)","Contract_Two year (increases churn risk, SHAP=0.974)","TotalCharges (increases churn risk, SHAP=0.565)",5.0,96.1,453.4,0.0,0.0
6415,9,0.2298,1,0,1,0.2298,0.8746,1.1345,1,"MonthlyCharges (decreases churn risk, SHAP=-1.420)","tenure (increases churn risk, SHAP=1.290)","PaymentMethod_Electronic check (increases churn risk, SHAP=1.153)",2.0,70.3,132.4,0.0,0.0
6019,8,0.3085,1,1,0,0.3085,0.7869,1.1319,1,"PaymentMethod_Electronic check (increases churn risk, SHAP=1.318)","tenure (increases churn risk, SHAP=1.108)","Contract_Two year (increases churn risk, SHAP=1.065)",3.0,89.45,240.45,0.0,0.0
5662,8,0.3172,1,0,1,0.3172,0.7772,1.1314,1,"PaymentMethod_Electronic check (increases churn risk, SHAP=1.313)","Contract_Two year (increases churn risk, SHAP=1.101)","tenure (increases churn risk, SHAP=0.952)",6.0,89.35,567.8,0.0,0.0
5367,7,0.3557,1,0,1,0.3557,0.7347,1.1296,1,"PaymentMethod_Electronic check (increases churn risk, SHAP=1.318)","MonthlyCharges (decreases churn risk, SHAP=-1.296)","tenure (increases churn risk, SHAP=1.273)",8.0,66.25,546.45,0.0,0.0
6066,8,0.2857,1,1,0,0.2857,0.8036,1.1238,1,"MonthlyCharges (decreases churn risk, SHAP=-1.503)","tenure (increases churn risk, SHAP=1.273)","PaymentMethod_Electronic check (increases churn risk, SHAP=1.153)",3.0,69.35,191.35,0.0,0.0
5220,7,0.3617,1,1,0,0.3617,0.721,1.1218,1,"PaymentMethod_Electronic check (increases churn risk, SHAP=1.621)","tenure (increases churn risk, SHAP=1.115)","Contract_Two year (increases churn risk, SHAP=0.836)",9.0,45.4,418.8,0.0,0.0
6828,9,0.3284,1,1,0,0.3284,0.7524,1.1178,1,"PaymentMethod_Electronic check (increases churn risk, SHAP=1.383)","tenure (increases churn risk, SHAP=1.309)","Contract_Two year (increases churn risk, SHAP=1.087)",1.0,79.55,79.55,0.0,0.0
6971,9,0.3284,1,1,0,0.3284,0.7524,1.1178,1,"PaymentMethod_Electronic check (increases churn risk, SHAP=1.383)","tenure (increases churn risk, SHAP=1.309)","Contract_Two year (increases churn risk, SHAP=1.087)",1.0,79.05,79.05,0.0,0.0
6758,9,0.3284,1,1,0,0.3284,0.7524,1.1178,1,"PaymentMethod_Electronic check (increases churn risk, SHAP=1.383)","tenure (increases churn risk, SHAP=1.309)","Contract_Two year (increases churn risk, SHAP=1.087)",1.0,78.95,78.95,0.0,0.0
6476,9,0.3284,1,1,0,0.3284,0.7524,1.1178,1,"PaymentMethod_Electronic check (increases churn risk, SHAP=1.383)","tenure (increases churn risk, SHAP=1.309)","Contract_Two year (increases churn risk, SHAP=1.087)",1.0,79.5,79.5,0.0,0.0
6545,9,0.3284,1,1,0,0.3284,0.7524,1.1178,1,"PaymentMethod_Electronic check (increases churn risk, SHAP=1.383)","tenure (increases churn risk, SHAP=1.309)","Contract_Two year (increases churn risk, SHAP=1.087)",1.0,79.95,79.95,0.0,0.0
7023,9,0.3284,1,0,1,0.3284,0.7524,1.1178,1,"PaymentMethod_Electronic check (increases churn risk, SHAP=1.383)","tenure (increases churn risk, SHAP=1.309)","Contract_Two year (increases churn risk, SHAP=1.087)",1.0,80.55,80.55,0.0,0.0
6990,9,0.3678,1,1,0,0.3678,0.7092,1.1161,1,"tenure (increases churn risk, SHAP=0.716)","TotalCharges (increases churn risk, SHAP=0.584)","Contract_Two year (increases churn risk, SHAP=0.571)",1.0,95.1,95.1,0.0,0.0
6449,9,0.331,1,1,0,0.331,0.7425,1.1104,1,"PaymentMethod_Electronic check (increases churn risk, SHAP=1.378)","tenure (increases churn risk, SHAP=1.153)","Contract_Two year (increases churn risk, SHAP=1.122)",1.0,79.1,79.1,0.0,0.0
6550,9,0.3319,1,1,0,0.3319,0.7383,1.107,1,"PaymentMethod_Electronic check (increases churn risk, SHAP=1.527)","tenure (increases churn risk, SHAP=1.309)","Contract_Two year (increases churn risk, SHAP=0.797)",1.0,59.85,59.85,0.0,0.0
6237,8,0.3527,1,1,0,0.3527,0.7157,1.1063,1,"tenure (increases churn risk, SHAP=1.158)","Contract_Two year (increases churn risk, SHAP=1.031)","TotalCharges (increases churn risk, SHAP=0.655)",2.0,95.65,167.3,0.0,0.0
5631,7,0.3438,1,1,0,0.3438,0.723,1.1041,1,"PaymentMethod_Electronic check (increases churn risk, SHAP=1.318)","tenure (increases churn risk, SHAP=1.082)","Contract_Two year (increases churn risk, SHAP=1.065)",6.0,91.1,455.3,0.0,0.0
6382,9,0.2652,1,1,0,0.2652,0.804,1.1012,1,"tenure (increases churn risk, SHAP=1.026)","TotalCharges (increases churn risk, SHAP=0.703)","Contract_Two year (increases churn risk, SHAP=0.649)",2.0,95.15,196.9,0.0,0.0
6647,9,0.2263,1,0,1,0.2263,0.843,1.0979,1,"StreamingTV_Yes (decreases churn risk, SHAP=-2.249)","tenure (increases churn risk, SHAP=1.363)","MonthlyCharges (decreases churn risk, SHAP=-1.251)",1.0,85.0,85.0,0.0,0.0
6813,9,0.1952,1,1,0,0.1952,0.8706,1.0913,1,"StreamingTV_Yes (decreases churn risk, SHAP=-2.235)","tenure (increases churn risk, SHAP=1.441)","MonthlyCharges (decreases churn risk, SHAP=-1.272)",1.0,79.9,79.9,0.0,0.0
6773,9,0.1952,1,1,0,0.1952,0.8706,1.0913,1,"StreamingTV_Yes (decreases churn risk, SHAP=-2.235)","tenure (increases churn risk, SHAP=1.441)","MonthlyCharges (decreases churn risk, SHAP=-1.272)",1.0,79.6,79.6,0.0,0.0
5907,8,0.2684,1,0,1,0.2684,0.7899,1.09,1,"tenure (increases churn risk, SHAP=1.106)","Contract_Two year (increases churn risk, SHAP=1.042)","MultipleLines_Yes (decreases churn risk, SHAP=-0.766)",4.0,94.9,360.55,0.0,0.0
6583,9,0.1934,1,1,0,0.1934,0.8706,1.0892,1,"StreamingTV_Yes (decreases churn risk, SHAP=-2.235)","tenure (increases churn risk, SHAP=1.441)","MonthlyCharges (decreases churn risk, SHAP=-1.272)",1.0,80.5,80.5,0.0,0.0
6109,8,0.3517,1,1,0,0.3517,0.6988,1.0874,1,"PaymentMethod_Electronic check (increases churn risk, SHAP=1.624)","tenure (increases churn risk, SHAP=0.895)","Contract_Two year (increases churn risk, SHAP=0.805)",3.0,50.6,155.35,0.0,0.0
6309,8,0.3462,1,1,0,0.3462,0.7044,1.0872,1,"tenure (increases churn risk, SHAP=1.055)","MonthlyCharges (increases churn risk, SHAP=0.688)","Contract_Two year (increases churn risk, SHAP=0.633)",2.0,94.2,193.8,0.0,0.0
4930,7,0.3672,1,1,0,0.3672,0.6797,1.0843,1,"tenure (increases churn risk, SHAP=1.206)","Contract_Two year (increases churn risk, SHAP=0.693)","TotalCharges (increases churn risk, SHAP=0.633)",12.0,96.05,1148.1,0.0,0.0
5284,7,0.3672,1,1,0,0.3672,0.6797,1.0843,1,"tenure (increases churn risk, SHAP=1.206)","Contract_Two year (increases churn risk, SHAP=0.693)","TotalCharges (increases churn risk, SHAP=0.633)",9.0,95.5,829.1,0.0,0.0
5499,7,0.3331,1,1,0,0.3331,0.7154,1.0842,1,"tenure (increases churn risk, SHAP=1.097)","PaymentMethod_Mailed check (decreases churn risk, SHAP=-0.793)","TotalCharges (increases churn risk, SHAP=0.758)",7.0,95.0,655.5,0.0,0.0
5795,8,0.3398,1,1,0,0.3398,0.7082,1.0842,1,"PaymentMethod_Electronic check (increases churn risk, SHAP=1.681)","tenure (increases churn risk, SHAP=0.811)","Contract_Two year (increases churn risk, SHAP=0.767)",5.0,45.7,198.0,0.0,0.0
5774,8,0.3401,1,1,0,0.3401,0.7076,1.0839,1,"tenure (increases churn risk, SHAP=0.887)","PaymentMethod_Mailed check (decreases churn risk, SHAP=-0.775)","TotalCharges (increases churn risk, SHAP=0.756)",5.0,93.9,486.85,0.0,0.0
5522,7,0.3724,1,1,0,0.3724,0.6702,1.0801,1,"tenure (increases churn risk, SHAP=1.206)","Contract_Two year (increases churn risk, SHAP=0.693)","TotalCharges (increases churn risk, SHAP=0.646)",7.0,93.85,635.6,0.0,0.0
5444,7,0.3724,1,0,1,0.3724,0.6702,1.0801,1,"tenure (increases churn risk, SHAP=1.206)","Contract_Two year (increases churn risk, SHAP=0.693)","TotalCharges (increases churn risk, SHAP=0.646)",7.0,94.1,701.3,0.0,0.0
5110,7,0.3706,1,1,0,0.3706,0.6713,1.0793,1,"tenure (increases churn risk, SHAP=1.046)","Contract_Two year (increases churn risk, SHAP=0.717)","TotalCharges (increases churn risk, SHAP=0.658)",10.0,95.35,898.35,0.0,0.0
6208,8,0.2391,1,1,0,0.2391,0.8061,1.0741,1,"StreamingTV_Yes (decreases churn risk, SHAP=-2.249)","tenure (increases churn risk, SHAP=1.418)","MonthlyCharges (decreases churn risk, SHAP=-1.414)",2.0,80.2,181.1,0.0,0.0
6295,8,0.2391,1,1,0,0.2391,0.8061,1.0741,1,"StreamingTV_Yes (decreases churn risk, SHAP=-2.249)","tenure (increases churn risk, SHAP=1.418)","MonthlyCharges (decreases churn risk, SHAP=-1.414)",2.0,80.95,171.15,0.0,0.0
6069,8,0.2391,1,0,1,0.2391,0.8061,1.0741,1,"StreamingTV_Yes (decreases churn risk, SHAP=-2.249)","tenure (increases churn risk, SHAP=1.418)","MonthlyCharges (decreases churn risk, SHAP=-1.414)",3.0,80.35,253.8,0.0,0.0
6255,8,0.3553,1,1,0,0.3553,0.6824,1.0741,1,"tenure (increases churn risk, SHAP=0.866)","TotalCharges (increases churn risk, SHAP=0.741)","Contract_Two year (increases churn risk, SHAP=0.673)",2.0,93.85,170.85,0.0,0.0
5471,7,0.3663,1,1,0,0.3663,0.6666,1.0695,1,"tenure (increases churn risk, SHAP=1.136)","Contract_Two year (increases churn risk, SHAP=1.093)","OnlineSecurity_Yes (increases churn risk, SHAP=0.639)",7.0,94.25,669.0,0.0,0.0
6238,8,0.3417,1,0,1,0.3417,0.6923,1.0694,1,"PaymentMethod_Electronic check (increases churn risk, SHAP=1.624)","tenure (increases churn risk, SHAP=0.913)","Contract_Two year (increases churn risk, SHAP=0.743)",2.0,51.4,96.8,0.0,0.0
5928,8,0.3161,1,1,0,0.3161,0.7147,1.0647,1,"MonthlyCharges (decreases churn risk, SHAP=-2.926)","PaymentMethod_Electronic check (increases churn risk, SHAP=1.611)","tenure (increases churn risk, SHAP=0.897)",4.0,44.55,174.3,0.0,0.0
5883,8,0.3571,1,1,0,0.3571,0.6709,1.0639,1,"tenure (increases churn risk, SHAP=0.866)","TotalCharges (increases churn risk, SHAP=0.728)","Contract_Two year (increases churn risk, SHAP=0.666)",4.0,94.3,424.45,0.0,0.0
6315,8,0.3252,1,1,0,0.3252,0.704,1.0635,1,"PaymentMethod_Electronic check (increases churn risk, SHAP=1.318)","tenure (increases churn risk, SHAP=1.309)","Contract_Two year (increases churn risk, SHAP=1.084)",2.0,80.25,144.55,0.0,0.0
6326,8,0.3252,1,0,1,0.3252,0.704,1.0635,1,"PaymentMethod_Electronic check (increases churn risk, SHAP=1.318)","tenure (increases churn risk, SHAP=1.309)","Contract_Two year (increases churn risk, SHAP=1.084)",2.0,79.95,174.45,0.0,0.0
6005,8,0.2378,1,1,0,0.2378,0.7949,1.0611,1,"StreamingTV_Yes (decreases churn risk, SHAP=-2.249)","tenure (increases churn risk, SHAP=1.440)","MonthlyCharges (decreases churn risk, SHAP=-1.436)",3.0,85.3,264.8,0.0,0.0
6162,8,0.3242,1,1,0,0.3242,0.7003,1.0586,1,"PaymentMethod_Electronic check (increases churn risk, SHAP=1.318)","tenure (increases churn risk, SHAP=1.309)","MonthlyCharges (decreases churn risk, SHAP=-1.263)",3.0,78.5,242.05,0.0,0.0
6846,9,0.082,0,1,1,0.082,0.9631,1.057,1,"MonthlyCharges (decreases churn risk, SHAP=-1.751)","tenure (increases churn risk, SHAP=1.201)","Contract_Two year (increases churn risk, SHAP=1.056)",1.0,84.6,84.6,0.0,0.0
5976,8,0.3715,1,1,0,0.3715,0.6489,1.0565,1,"tenure (increases churn risk, SHAP=1.168)","MonthlyCharges (increases churn risk, SHAP=0.785)","Contract_Two year (increases churn risk, SHAP=0.749)",4.0,101.7,364.55,0.0,0.0
6158,8,0.3278,1,1,0,0.3278,0.6943,1.0562,1,"PaymentMethod_Electronic check (increases churn risk, SHAP=1.313)","tenure (increases churn risk, SHAP=1.153)","Contract_Two year (increases churn risk, SHAP=1.120)",3.0,79.9,260.9,0.0,0.0
6657,9,0.3346,1,1,0,0.3346,0.6864,1.0555,1,"PaymentMethod_Electronic check (increases churn risk, SHAP=1.383)","tenure (increases churn risk, SHAP=1.310)","Contract_Two year (increases churn risk, SHAP=1.091)",1.0,84.85,84.85,0.0,0.0
6536,9,0.3313,1,0,1,0.3313,0.6898,1.0553,1,"PaymentMethod_Electronic check (increases churn risk, SHAP=1.642)","tenure (increases churn risk, SHAP=1.104)","Contract_Two year (increases churn risk, SHAP=0.833)",1.0,54.65,54.65,0.0,0.0
5764,8,0.2492,1,1,0,0.2492,0.7758,1.0541,1,"MonthlyCharges (decreases churn risk, SHAP=-1.274)","tenure (increases churn risk, SHAP=0.947)","Contract_Two year (increases churn risk, SHAP=0.936)",5.0,51.0,305.95,0.0,0.0
5879,8,0.2514,1,0,1,0.2514,0.7711,1.0517,1,"StreamingTV_Yes (decreases churn risk, SHAP=-2.249)","tenure (increases churn risk, SHAP=1.379)","PaymentMethod_Electronic check (increases churn risk, SHAP=1.140)",4.0,55.9,238.5,0.0,0.0
5434,7,0.3172,1,0,1,0.3172,0.6998,1.0503,1,"PaymentMethod_Electronic check (increases churn risk, SHAP=1.313)","Contract_Two year (increases churn risk, SHAP=1.101)","tenure (increases churn risk, SHAP=0.952)",7.0,89.15,574.35,0.0,0.0
4235,6,0.3691,1,0,1,0.3691,0.6429,1.0476,1,"PaymentMethod_Electronic check (increases churn risk, SHAP=1.313)","tenure (increases churn risk, SHAP=1.108)","Contract_Two year (increases churn risk, SHAP=1.082)",20.0,89.95,1648.45,0.0,0.0
5298,7,0.324,1,0,1,0.324,0.6898,1.0472,1,"tenure (increases churn risk, SHAP=1.190)","Contract_Two year (increases churn risk, SHAP=0.969)","TotalCharges (increases churn risk, SHAP=0.555)",9.0,95.9,827.45,0.0,0.0
5571,7,0.3085,1,1,0,0.3085,0.706,1.0472,1,"PaymentMethod_Electronic check (increases churn risk, SHAP=1.318)","tenure (increases churn risk, SHAP=1.108)","Contract_Two year (increases churn risk, SHAP=1.065)",6.0,89.5,573.3,0.0,0.0
5926,8,0.2416,1,1,0,0.2416,0.777,1.0468,1,"StreamingTV_Yes (decreases churn risk, SHAP=-2.249)","tenure (increases churn risk, SHAP=1.418)","MonthlyCharges (decreases churn risk, SHAP=-1.354)",4.0,79.9,324.3,0.0,0.0
6138,8,0.3687,1,1,0,0.3687,0.6415,1.0456,1,"tenure (increases churn risk, SHAP=0.716)","TotalCharges (increases churn risk, SHAP=0.584)","Contract_Two year (increases churn risk, SHAP=0.578)",3.0,94.6,279.55,0.0,0.0
6557,9,0.3422,1,1,0,0.3422,0.6688,1.0453,1,"PaymentMethod_Electronic check (increases churn risk, SHAP=1.263)","tenure (increases churn risk, SHAP=1.172)","Contract_Two year (increases churn risk, SHAP=1.021)",1.0,88.8,88.8,0.0,0.0
5410,7,0.328,1,1,0,0.328,0.6817,1.0433,1,"tenure (increases churn risk, SHAP=0.990)","Contract_Two year (increases churn risk, SHAP=0.946)","MultipleLines_Yes (decreases churn risk, SHAP=-0.881)",8.0,100.3,832.35,0.0,0.0
6223,8,0.3254,1,1,0,0.3254,0.6841,1.0429,1,"tenure (increases churn risk, SHAP=1.331)","PaymentMethod_Electronic check (increases churn risk, SHAP=1.203)","MonthlyCharges (decreases churn risk, SHAP=-1.048)",2.0,85.65,181.5,0.0,0.0
5172,7,0.3064,1,0,1,0.3064,0.7002,1.0388,1,"tenure (increases churn risk, SHAP=1.210)","Contract_Two year (increases churn risk, SHAP=0.969)","TotalCharges (increases churn risk, SHAP=0.554)",10.0,95.1,865.1,0.0,0.0
5945,8,0.3557,1,1,0,0.3557,0.6483,1.0385,1,"PaymentMethod_Electronic check (increases churn risk, SHAP=1.689)","Contract_Two year (increases churn risk, SHAP=0.799)","OnlineSecurity_Yes (increases churn risk, SHAP=0.755)",4.0,48.55,201.0,0.0,0.0
5923,8,0.3305,1,0,1,0.3305,0.674,1.0379,1,"PaymentMethod_Electronic check (increases churn risk, SHAP=1.642)","tenure (increases churn risk, SHAP=1.269)","Contract_Two year (increases churn risk, SHAP=0.877)",4.0,56.4,234.85,0.0,0.0
5818,8,0.3284,1,1,0,0.3284,0.6752,1.0368,1,"PaymentMethod_Electronic check (increases churn risk, SHAP=1.383)","tenure (increases churn risk, SHAP=1.309)","Contract_Two year (increases churn risk, SHAP=1.087)",4.0,81.0,340.85,0.0,0.0
5722,8,0.3284,1,1,0,0.3284,0.6752,1.0368,1,"PaymentMethod_Electronic check (increases churn risk, SHAP=1.383)","tenure (increases churn risk, SHAP=1.309)","Contract_Two year (increases churn risk, SHAP=1.087)",5.0,80.6,415.55,0.0,0.0
6368,9,0.3458,1,1,0,0.3458,0.6563,1.0361,1,"PaymentMethod_Electronic check (increases churn risk, SHAP=1.203)","tenure (increases churn risk, SHAP=1.141)","Contract_Two year (increases churn risk, SHAP=0.939)",2.0,91.4,193.6,0.0,0.0
5819,8,0.2411,1,1,0,0.2411,0.7657,1.0346,1,"StreamingTV_Yes (decreases churn risk, SHAP=-2.249)","tenure (increases churn risk, SHAP=1.440)","MonthlyCharges (decreases churn risk, SHAP=-1.376)",4.0,85.65,338.9,0.0,0.0
6827,9,0.3035,1,1,0,0.3035,0.697,1.0322,1,"tenure (increases churn risk, SHAP=1.366)","PaymentMethod_Electronic check (increases churn risk, SHAP=1.268)","Contract_Two year (increases churn risk, SHAP=0.919)",1.0,84.5,84.5,0.0,0.0
4850,6,0.3717,1,1,0,0.3717,0.6226,1.029,1,"PaymentMethod_Electronic check (increases churn risk, SHAP=1.383)","tenure (increases churn risk, SHAP=1.247)","Contract_Two year (increases churn risk, SHAP=1.112)",13.0,91.1,1135.7,0.0,0.0
5468,7,0.3574,1,0,1,0.3574,0.6365,1.028,1,"tenure (increases churn risk, SHAP=1.246)","TotalCharges (increases churn risk, SHAP=0.719)","Contract_Two year (increases churn risk, SHAP=0.631)",7.0,96.2,639.7,0.0,0.0
5870,8,0.2913,1,0,1,0.2913,0.7059,1.028,1,"tenure (increases churn risk, SHAP=1.069)","MonthlyCharges (decreases churn risk, SHAP=-1.012)","Contract_Two year (increases churn risk, SHAP=1.006)",4.0,50.95,207.35,0.0,0.0
4786,6,0.3754,1,1,0,0.3754,0.6167,1.0268,1,"PaymentMethod_Electronic check (increases churn risk, SHAP=1.378)","Contract_Two year (increases churn risk, SHAP=1.148)","tenure (increases churn risk, SHAP=1.091)",13.0,90.5,1201.15,0.0,0.0
5433,7,0.3503,1,1,0,0.3503,0.6423,1.0264,1,"PaymentMethod_Electronic check (increases churn risk, SHAP=1.299)","MonthlyCharges (decreases churn risk, SHAP=-1.019)","Contract_Two year (increases churn risk, SHAP=1.006)",7.0,89.5,676.7,0.0,0.0
5560,7,0.3503,1,0,1,0.3503,0.6423,1.0264,1,"PaymentMethod_Electronic check (increases churn risk, SHAP=1.299)","MonthlyCharges (decreases churn risk, SHAP=-1.019)","Contract_Two year (increases churn risk, SHAP=1.006)",7.0,89.0,605.45,0.0,0.0
6239,8,0.3271,1,1,0,0.3271,0.666,1.0258,1,"tenure (increases churn risk, SHAP=0.858)","Contract_Two year (increases churn risk, SHAP=0.842)","TotalCharges (increases churn risk, SHAP=0.503)",2.0,94.2,167.5,0.0,0.0
5300,7,0.3587,1,0,1,0.3587,0.632,1.0247,1,"tenure (increases churn risk, SHAP=1.241)","Contract_Two year (increases churn risk, SHAP=0.805)","MonthlyCharges (increases churn risk, SHAP=0.659)",9.0,99.3,918.75,0.0,0.0
6216,8,0.3024,1,1,0,0.3024,0.6908,1.0246,1,"tenure (increases churn risk, SHAP=1.327)","PaymentMethod_Electronic check (increases churn risk, SHAP=1.318)","Contract_Two year (increases churn risk, SHAP=1.022)",2.0,79.0,143.65,0.0,0.0
6015,8,0.3024,1,1,0,0.3024,0.6908,1.0246,1,"tenure (increases churn risk, SHAP=1.327)","PaymentMethod_Electronic check (increases churn risk, SHAP=1.318)","Contract_Two year (increases churn risk, SHAP=1.022)",3.0,79.25,267.6,0.0,0.0
6039,8,0.3682,1,1,0,0.3682,0.6204,1.0229,1,"PaymentMethod_Electronic check (increases churn risk, SHAP=1.197)","tenure (increases churn risk, SHAP=1.182)","Contract_Two year (increases churn risk, SHAP=0.955)",3.0,91.05,289.1,0.0,0.0
5138,7,0.3571,1,1,0,0.3571,0.6307,1.0216,1,"tenure (increases churn risk, SHAP=1.234)","Contract_Two year (increases churn risk, SHAP=0.625)","TotalCharges (increases churn risk, SHAP=0.619)",10.0,95.2,930.4,0.0,0.0
5065,7,0.3242,1,0,1,0.3242,0.6649,1.0213,1,"PaymentMethod_Electronic check (increases churn risk, SHAP=1.642)","tenure (increases churn risk, SHAP=1.086)","Contract_Two year (increases churn risk, SHAP=0.883)",11.0,64.9,716.1,0.0,0.0
5510,7,0.2539,1,0,1,0.2539,0.7381,1.0201,1,"Contract_Two year (increases churn risk, SHAP=0.880)","tenure (increases churn risk, SHAP=0.856)","TotalCharges (increases churn risk, SHAP=0.771)",7.0,94.05,633.45,0.0,1.0
5224,7,0.3469,1,1,0,0.3469,0.6396,1.0197,1,"tenure (increases churn risk, SHAP=1.026)","TotalCharges (increases churn risk, SHAP=0.703)","Contract_Two year (increases churn risk, SHAP=0.649)",9.0,94.75,889.9,0.0,0.0
6341,9,0.3523,1,1,0,0.3523,0.6337,1.0195,1,"tenure (increases churn risk, SHAP=1.218)","Contract_Two year (increases churn risk, SHAP=0.920)","TotalCharges (increases churn risk, SHAP=0.695)",2.0,94.95,178.1,0.0,0.0
5459,7,0.2941,1,0,1,0.2941,0.6948,1.0195,1,"PaymentMethod_Electronic check (increases churn risk, SHAP=1.318)","MonthlyCharges (decreases churn risk, SHAP=-1.242)","tenure (increases churn risk, SHAP=1.108)",7.0,66.85,458.1,0.0,0.0
5435,7,0.3671,1,1,0,0.3671,0.6148,1.0158,1,"tenure (increases churn risk, SHAP=1.178)","Contract_Two year (increases churn risk, SHAP=0.817)","OnlineSecurity_Yes (increases churn risk, SHAP=0.568)",7.0,99.8,673.25,0.0,0.0
4955,7,0.3527,1,1,0,0.3527,0.6289,1.0149,1,"tenure (increases churn risk, SHAP=1.026)","TotalCharges (increases churn risk, SHAP=0.716)","Contract_Two year (increases churn risk, SHAP=0.649)",12.0,94.2,1046.1,0.0,0.0
6915,9,0.373,1,1,0,0.373,0.6077,1.0147,1,"tenure (increases churn risk, SHAP=1.237)","Contract_Two year (increases churn risk, SHAP=0.699)","OnlineSecurity_Yes (increases churn risk, SHAP=0.561)",1.0,101.45,101.45,0.0,0.0
5238,7,0.3593,1,1,0,0.3593,0.6209,1.0137,1,"tenure (increases churn risk, SHAP=1.064)","Contract_Two year (increases churn risk, SHAP=0.829)","MonthlyCharges (increases churn risk, SHAP=0.732)",9.0,99.45,919.4,0.0,0.0
6333,8,0.3627,1,1,0,0.3627,0.6167,1.013,1,"PaymentMethod_Electronic check (increases churn risk, SHAP=1.621)","tenure (increases churn risk, SHAP=1.120)","Contract_Two year (increases churn risk, SHAP=0.788)",2.0,49.25,90.35,0.0,0.0
6196,8,0.3648,1,1,0,0.3648,0.6135,1.0118,1,"tenure (increases churn risk, SHAP=1.196)","Contract_Two year (increases churn risk, SHAP=0.983)","OnlineSecurity_Yes (increases churn risk, SHAP=0.635)",2.0,95.85,197.7,0.0,0.0
6447,9,0.3738,1,1,0,0.3738,0.6,1.0074,1,"tenure (increases churn risk, SHAP=1.226)","Contract_Two year (increases churn risk, SHAP=0.694)","MonthlyCharges (increases churn risk, SHAP=0.689)",1.0,99.75,99.75,0.0,0.0
5660,8,0.2238,1,1,0,0.2238,0.7574,1.0067,1,"StreamingTV_Yes (decreases churn risk, SHAP=-2.249)","tenure (increases churn risk, SHAP=1.363)","MonthlyCharges (decreases churn risk, SHAP=-1.310)",6.0,84.4,556.35,0.0,0.0
6241,8,0.1472,1,0,1,0.1472,0.841,1.0067,1,"StreamingTV_Yes (decreases churn risk, SHAP=-2.091)","tenure (increases churn risk, SHAP=1.364)","MonthlyCharges (decreases churn risk, SHAP=-1.163)",2.0,55.3,108.65,0.0,0.0
6590,9,0.2503,1,1,0,0.2503,0.7281,1.0058,1,"tenure (increases churn risk, SHAP=1.061)","Contract_Two year (increases churn risk, SHAP=0.760)","MonthlyCharges (increases churn risk, SHAP=0.672)",1.0,100.25,100.25,0.0,0.0
5169,7,0.2258,1,1,0,0.2258,0.7532,1.0045,1,"MonthlyCharges (decreases churn risk, SHAP=-1.753)","tenure (increases churn risk, SHAP=1.546)","Contract_Two year (increases churn risk, SHAP=0.982)",10.0,72.15,794.25,0.0,0.0
6863,9,0.1488,1,1,0,0.1488,0.8356,1.003,1,"StreamingTV_Yes (decreases churn risk, SHAP=-2.186)","tenure (increases churn risk, SHAP=1.303)","PaymentMethod_Electronic check (increases churn risk, SHAP=1.024)",1.0,60.15,60.15,0.0,0.0
5902,8,0.2345,1,1,0,0.2345,0.7417,1.0023,1,"StreamingTV_Yes (decreases churn risk, SHAP=-2.273)","tenure (increases churn risk, SHAP=1.364)","PaymentMethod_Electronic check (increases churn risk, SHAP=1.148)",4.0,54.3,195.3,0.0,0.0
6930,9,0.1423,1,1,0,0.1423,0.8417,1.002,1,"StreamingTV_Yes (decreases churn risk, SHAP=-2.186)","tenure (increases churn risk, SHAP=1.263)","PaymentMethod_Electronic check (increases churn risk, SHAP=1.140)",1.0,55.4,55.4,0.0,0.0
6482,9,0.1423,1,0,1,0.1423,0.8417,1.002,1,"StreamingTV_Yes (decreases churn risk, SHAP=-2.186)","tenure (increases churn risk, SHAP=1.263)","PaymentMethod_Electronic check (increases churn risk, SHAP=1.140)",1.0,55.45,55.45,0.0,0.0
6882,9,0.1423,1,1,0,0.1423,0.8417,1.002,1,"StreamingTV_Yes (decreases churn risk, SHAP=-2.186)","tenure (increases churn risk, SHAP=1.263)","PaymentMethod_Electronic check (increases churn risk, SHAP=1.140)",1.0,56.25,56.25,0.0,0.0
5019,7,0.3041,1,0,1,0.3041,0.6674,1.0019,1,"MonthlyCharges (decreases churn risk, SHAP=-1.041)","PaymentMethod_Electronic check (increases churn risk, SHAP=0.988)","tenure (increases churn risk, SHAP=0.924)",11.0,90.6,1020.2,0.0,0.0
6152,8,0.33,1,0,1,0.33,0.639,1.0007,1,"PaymentMethod_Electronic check (increases churn risk, SHAP=1.585)","tenure (increases churn risk, SHAP=0.986)","Contract_Two year (increases churn risk, SHAP=0.814)",3.0,54.2,140.4,0.0,0.0
6569,9,0.0683,0,0,0,0.0683,0.9228,1.0005,1,"MonthlyCharges (decreases churn risk, SHAP=-2.299)","tenure (increases churn risk, SHAP=1.327)","Contract_Two year (increases churn risk, SHAP=1.156)",1.0,70.45,70.45,0.0,0.0
5692,8,0.3598,1,1,0,0.3598,0.6077,1.0003,1,"PaymentMethod_Electronic check (increases churn risk, SHAP=1.383)","tenure (increases churn risk, SHAP=1.278)","MonthlyCharges (decreases churn risk, SHAP=-1.237)",5.0,70.05,346.4,0.0,0.0
6049,8,0.2652,1,1,0,0.2652,0.7069,1.0002,1,"tenure (increases churn risk, SHAP=1.026)","TotalCharges (increases churn risk, SHAP=0.703)","Contract_Two year (increases churn risk, SHAP=0.649)",3.0,96.6,291.9,0.0,0.0
6265,8,0.2652,1,1,0,0.2652,0.7069,1.0002,1,"tenure (increases churn risk, SHAP=1.026)","TotalCharges (increases churn risk, SHAP=0.703)","Contract_Two year (increases churn risk, SHAP=0.649)",2.0,96.0,174.8,0.0,0.0
4547,6,0.3096,1,1,0,0.3096,0.6593,0.9995,1,"tenure (increases churn risk, SHAP=1.125)","Contract_Two year (increases churn risk, SHAP=0.986)","OnlineSecurity_Yes (decreases churn risk, SHAP=-0.721)",16.0,94.25,1483.25,0.0,0.0
6961,9,0.074,0,1,1,0.074,0.9154,0.9995,1,"MonthlyCharges (decreases churn risk, SHAP=-1.717)","StreamingTV_Yes (decreases churn risk, SHAP=-1.645)","tenure (increases churn risk, SHAP=1.259)",1.0,80.85,80.85,0.0,0.0
4629,6,0.3539,1,0,1,0.3539,0.6111,0.9974,1,"PaymentMethod_Electronic check (increases churn risk, SHAP=1.313)","Contract_Two year (increases churn risk, SHAP=1.101)","tenure (increases churn risk, SHAP=0.926)",15.0,91.5,1400.3,0.0,0.0
6437,9,0.0936,0,1,1,0.0936,0.8893,0.9954,1,"tenure (increases churn risk, SHAP=1.000)","Contract_Two year (increases churn risk, SHAP=0.935)","TotalCharges (increases churn risk, SHAP=0.697)",1.0,95.6,95.6,0.0,0.0
4881,6,0.3407,1,1,0,0.3407,0.6221,0.9946,1,"tenure (increases churn risk, SHAP=1.085)","PaymentMethod_Mailed check (decreases churn risk, SHAP=-0.792)","Contract_Two year (increases churn risk, SHAP=0.664)",12.0,99.95,1132.75,0.0,0.0
4688,6,0.3706,1,0,1,0.3706,0.5897,0.9932,1,"tenure (increases churn risk, SHAP=1.191)","Contract_Two year (increases churn risk, SHAP=0.963)","TotalCharges (increases churn risk, SHAP=0.650)",14.0,92.9,1337.45,0.0,0.0
6041,8,0.0746,0,0,0,0.0746,0.9077,0.9924,1,"MonthlyCharges (decreases churn risk, SHAP=-1.771)","tenure (increases churn risk, SHAP=1.201)","Contract_Two year (increases churn risk, SHAP=1.013)",3.0,86.05,244.85,0.0,0.0
5634,8,0.3133,1,1,0,0.3133,0.6484,0.9921,1,"PaymentMethod_Electronic check (increases churn risk, SHAP=1.322)","tenure (increases churn risk, SHAP=1.254)","Contract_Two year (increases churn risk, SHAP=1.207)",6.0,84.85,523.5,0.0,0.0
5682,8,0.2543,1,0,1,0.2543,0.7105,0.9919,1,"StreamingTV_Yes (decreases churn risk, SHAP=-2.249)","Contract_Two year (increases churn risk, SHAP=1.210)","tenure (increases churn risk, SHAP=1.208)",5.0,85.55,408.5,0.0,0.0
5951,8,0.3033,1,1,0,0.3033,0.6583,0.9915,1,"PaymentMethod_Electronic check (increases churn risk, SHAP=1.383)","tenure (increases churn risk, SHAP=1.327)","MonthlyCharges (decreases churn risk, SHAP=-1.122)",4.0,77.85,299.2,0.0,0.0
6353,9,0.254,1,1,0,0.254,0.7101,0.9911,1,"PaymentMethod_Electronic check (increases churn risk, SHAP=1.318)","tenure (increases churn risk, SHAP=1.144)","Contract_Two year (increases churn risk, SHAP=1.040)",2.0,80.2,146.05,0.0,0.0
6417,9,0.254,1,1,0,0.254,0.7101,0.9911,1,"PaymentMethod_Electronic check (increases churn risk, SHAP=1.318)","tenure (increases churn risk, SHAP=1.144)","Contract_Two year (increases churn risk, SHAP=1.040)",2.0,79.75,164.5,0.0,0.0
5920,8,0.2286,1,1,0,0.2286,0.7361,0.9899,1,"StreamingTV_Yes (decreases churn risk, SHAP=-2.249)","tenure (increases churn risk, SHAP=1.360)","Contract_Two year (increases churn risk, SHAP=1.069)",4.0,90.05,368.1,0.0,0.0
6357,9,0.1799,1,1,0,0.1799,0.7881,0.9893,1,"tenure (increases churn risk, SHAP=1.303)","StreamingTV_Yes (decreases churn risk, SHAP=-1.256)","Contract_Two year (increases churn risk, SHAP=0.873)",2.0,47.8,92.45,0.0,0.0
5145,7,0.259,1,1,0,0.259,0.7029,0.9892,1,"StreamingTV_Yes (decreases churn risk, SHAP=-2.249)","MonthlyCharges (decreases churn risk, SHAP=-1.333)","tenure (increases churn risk, SHAP=1.262)",10.0,79.25,793.55,0.0,0.0
5265,7,0.259,1,0,1,0.259,0.7029,0.9892,1,"StreamingTV_Yes (decreases churn risk, SHAP=-2.249)","MonthlyCharges (decreases churn risk, SHAP=-1.333)","tenure (increases churn risk, SHAP=1.262)",9.0,79.55,718.55,0.0,0.0
5502,7,0.3676,1,1,0,0.3676,0.5879,0.988,1,"tenure (increases churn risk, SHAP=1.306)","PaymentMethod_Electronic check (increases churn risk, SHAP=1.203)","Contract_Two year (increases churn risk, SHAP=0.983)",7.0,90.45,593.45,0.0,0.0
6356,9,0.0992,0,1,1,0.0992,0.8758,0.988,1,"MonthlyCharges (decreases churn risk, SHAP=-2.136)","tenure (increases churn risk, SHAP=0.960)","Contract_Two year (increases churn risk, SHAP=0.942)",2.0,89.55,185.55,0.0,0.0
4226,6,0.334,1,0,1,0.334,0.6225,0.9878,1,"tenure (increases churn risk, SHAP=1.059)","PaymentMethod_Mailed check (decreases churn risk, SHAP=-0.796)","Contract_Two year (increases churn risk, SHAP=0.664)",20.0,98.55,2031.95,0.0,0.0
7000,9,0.1538,1,1,0,0.1538,0.8147,0.9873,1,"MonthlyCharges (decreases churn risk, SHAP=-3.107)","StreamingTV_Yes (decreases churn risk, SHAP=-2.083)","PaymentMethod_Electronic check (increases churn risk, SHAP=1.109)",1.0,35.55,35.55,0.0,0.0
6455,9,0.1538,1,1,0,0.1538,0.8147,0.9873,1,"MonthlyCharges (decreases churn risk, SHAP=-3.107)","StreamingTV_Yes (decreases churn risk, SHAP=-2.083)","PaymentMethod_Electronic check (increases churn risk, SHAP=1.109)",1.0,35.45,35.45,0.0,0.0
5875,8,0.2867,1,1,0,0.2867,0.6709,0.9865,1,"tenure (increases churn risk, SHAP=0.866)","TotalCharges (increases churn risk, SHAP=0.728)","Contract_Two year (increases churn risk, SHAP=0.666)",4.0,95.45,396.1,0.0,0.0
4954,7,0.3252,1,0,1,0.3252,0.6278,0.9837,1,"PaymentMethod_Electronic check (increases churn risk, SHAP=1.318)","tenure (increases churn risk, SHAP=1.309)","Contract_Two year (increases churn risk, SHAP=1.084)",12.0,81.45,912.0,0.0,0.0
5849,8,0.3712,1,0,1,0.3712,0.5786,0.982,1,"tenure (increases churn risk, SHAP=1.040)","Contract_Two year (increases churn risk, SHAP=0.999)","TotalCharges (increases churn risk, SHAP=0.655)",4.0,94.75,422.4,0.0,0.0
5358,7,0.2906,1,1,0,0.2906,0.6618,0.9813,1,"tenure (increases churn risk, SHAP=1.062)","MonthlyCharges (increases churn risk, SHAP=0.960)","Contract_Two year (increases churn risk, SHAP=0.808)",8.0,103.35,847.3,0.0,0.0
6674,9,0.1004,0,1,1,0.1004,0.8673,0.9807,1,"StreamingTV_Yes (decreases churn risk, SHAP=-1.656)","tenure (increases churn risk, SHAP=1.611)","Contract_Two year (increases churn risk, SHAP=1.086)",1.0,90.85,90.85,0.0,0.0
6388,9,0.263,1,1,0,0.263,0.6899,0.9802,1,"StreamingTV_Yes (decreases churn risk, SHAP=-2.249)","tenure (increases churn risk, SHAP=1.423)","MonthlyCharges (decreases churn risk, SHAP=-1.414)",2.0,85.85,167.3,0.0,0.0
5390,7,0.3628,1,1,0,0.3628,0.5856,0.9802,1,"tenure (increases churn risk, SHAP=1.216)","Contract_Two year (increases churn risk, SHAP=0.754)","OnlineSecurity_Yes (increases churn risk, SHAP=0.568)",8.0,100.85,819.55,0.0,0.0
5577,7,0.3278,1,0,1,0.3278,0.6217,0.9801,1,"PaymentMethod_Electronic check (increases churn risk, SHAP=1.313)","tenure (increases churn risk, SHAP=1.153)","Contract_Two year (increases churn risk, SHAP=1.120)",6.0,79.7,497.6,0.0,0.0
5252,7,0.2391,1,1,0,0.2391,0.7142,0.9789,1,"StreamingTV_Yes (decreases churn risk, SHAP=-2.249)","tenure (increases churn risk, SHAP=1.418)","MonthlyCharges (decreases churn risk, SHAP=-1.414)",9.0,80.8,713.1,0.0,0.0
5703,8,0.2518,1,1,0,0.2518,0.7006,0.9788,1,"StreamingTV_Yes (decreases churn risk, SHAP=-2.249)","tenure (increases churn risk, SHAP=1.226)","MonthlyCharges (decreases churn risk, SHAP=-1.186)",5.0,89.8,502.6,0.0,0.0
4369,6,0.3706,1,1,0,0.3706,0.5759,0.9786,1,"tenure (increases churn risk, SHAP=1.046)","Contract_Two year (increases churn risk, SHAP=0.717)","TotalCharges (increases churn risk, SHAP=0.658)",18.0,95.45,1752.55,0.0,0.0
5663,8,0.307,1,0,1,0.307,0.6418,0.9783,1,"PaymentMethod_Electronic check (increases churn risk, SHAP=1.581)","tenure (increases churn risk, SHAP=1.232)","Contract_Two year (increases churn risk, SHAP=0.935)",6.0,59.45,357.6,0.0,0.0
5524,7,0.3547,1,1,0,0.3547,0.592,0.9782,1,"tenure (increases churn risk, SHAP=0.742)","TotalCharges (increases churn risk, SHAP=0.575)","Contract_Two year (increases churn risk, SHAP=0.567)",7.0,95.6,644.35,0.0,0.0
5431,7,0.2397,1,1,0,0.2397,0.7126,0.9779,1,"StreamingTV_Yes (decreases churn risk, SHAP=-2.249)","tenure (increases churn risk, SHAP=1.440)","MonthlyCharges (decreases churn risk, SHAP=-1.401)",7.0,86.8,620.35,0.0,0.0
5619,7,0.3556,1,1,0,0.3556,0.5906,0.9777,1,"tenure (increases churn risk, SHAP=1.014)","Contract_Two year (increases churn risk, SHAP=0.877)","MonthlyCharges (increases churn risk, SHAP=0.773)",6.0,94.5,575.45,0.0,0.0
4671,6,0.3713,1,1,0,0.3713,0.5735,0.9767,1,"tenure (increases churn risk, SHAP=1.206)","Contract_Two year (increases churn risk, SHAP=0.693)","TotalCharges (increases churn risk, SHAP=0.646)",15.0,93.35,1444.65,0.0,0.0
6192,8,0.2013,1,0,1,0.2013,0.7526,0.9766,1,"tenure (increases churn risk, SHAP=1.116)","Contract_Two year (increases churn risk, SHAP=1.047)","OnlineSecurity_Yes (decreases churn risk, SHAP=-0.725)",2.0,100.2,198.5,0.0,0.0
5908,8,0.364,1,1,0,0.364,0.5804,0.9762,1,"tenure (increases churn risk, SHAP=0.863)","Contract_Two year (increases churn risk, SHAP=0.671)","OnlineSecurity_Yes (increases churn risk, SHAP=0.627)",4.0,100.2,420.2,0.0,0.0
6247,8,0.0673,0,0,0,0.0673,0.8996,0.9759,1,"tenure (increases churn risk, SHAP=1.305)","MonthlyCharges (decreases churn risk, SHAP=-1.198)","Contract_Two year (increases churn risk, SHAP=0.845)",2.0,90.75,174.75,0.0,0.0
5322,7,0.2378,1,1,0,0.2378,0.7126,0.9758,1,"StreamingTV_Yes (decreases churn risk, SHAP=-2.249)","tenure (increases churn risk, SHAP=1.440)","MonthlyCharges (decreases churn risk, SHAP=-1.401)",8.0,86.55,649.65,0.0,0.0
4844,6,0.3484,1,1,0,0.3484,0.5955,0.975,1,"tenure (increases churn risk, SHAP=1.085)","PaymentMethod_Mailed check (decreases churn risk, SHAP=-0.796)","MonthlyCharges (increases churn risk, SHAP=0.677)",13.0,99.0,1301.7,0.0,0.0
6733,9,0.2581,1,1,0,0.2581,0.6896,0.9744,1,"PaymentMethod_Electronic check (increases churn risk, SHAP=1.383)","tenure (increases churn risk, SHAP=1.144)","Contract_Two year (increases churn risk, SHAP=1.043)",1.0,79.65,79.65,0.0,0.0
6824,9,0.2581,1,1,0,0.2581,0.6896,0.9744,1,"PaymentMethod_Electronic check (increases churn risk, SHAP=1.383)","tenure (increases churn risk, SHAP=1.144)","Contract_Two year (increases churn risk, SHAP=1.043)",1.0,80.25,80.25,0.0,0.0
6462,9,0.267,1,1,0,0.267,0.6798,0.9741,1,"PaymentMethod_Electronic check (increases churn risk, SHAP=1.378)","Contract_Two year (increases churn risk, SHAP=1.078)","tenure (increases churn risk, SHAP=0.988)",1.0,79.2,79.2,0.0,0.0
4644,6,0.3038,1,0,1,0.3038,0.6408,0.9738,1,"tenure (increases churn risk, SHAP=1.166)","TechSupport_Yes (decreases churn risk, SHAP=-0.795)","Contract_Two year (increases churn risk, SHAP=0.709)",15.0,99.7,1566.75,0.0,0.0
6800,9,0.217,1,1,0,0.217,0.7328,0.9736,1,"tenure (increases churn risk, SHAP=1.303)","StreamingTV_Yes (decreases churn risk, SHAP=-1.064)","Contract_Two year (increases churn risk, SHAP=0.826)",1.0,53.95,53.95,0.0,0.0
5266,7,0.2564,1,1,0,0.2564,0.6899,0.9728,1,"StreamingTV_Yes (decreases churn risk, SHAP=-2.249)","MonthlyCharges (decreases churn risk, SHAP=-1.355)","tenure (increases churn risk, SHAP=1.280)",9.0,83.85,790.15,0.0,0.0
5201,7,0.2564,1,1,0,0.2564,0.6899,0.9728,1,"StreamingTV_Yes (decreases churn risk, SHAP=-2.249)","MonthlyCharges (decreases churn risk, SHAP=-1.355)","tenure (increases churn risk, SHAP=1.280)",9.0,85.05,746.5,0.0,0.0
5586,7,0.2518,1,1,0,0.2518,0.6944,0.9724,1,"PaymentMethod_Electronic check (increases churn risk, SHAP=1.318)","tenure (increases churn risk, SHAP=1.125)","Contract_Two year (increases churn risk, SHAP=1.003)",6.0,89.3,577.6,0.0,0.0
6847,9,0.1705,1,1,0,0.1705,0.7817,0.9722,1,"MonthlyCharges (decreases churn risk, SHAP=-1.561)","tenure (increases churn risk, SHAP=1.402)","StreamingTV_Yes (decreases churn risk, SHAP=-1.219)",1.0,81.7,81.7,0.0,0.0
6516,9,0.1497,1,0,1,0.1497,0.8038,0.9716,1,"tenure (increases churn risk, SHAP=1.011)","Contract_Two year (increases churn risk, SHAP=0.930)","TotalCharges (increases churn risk, SHAP=0.635)",1.0,95.85,95.85,0.0,0.0
6562,9,0.299,1,0,1,0.299,0.643,0.9709,1,"MonthlyCharges (decreases churn risk, SHAP=-1.443)","tenure (increases churn risk, SHAP=1.278)","PaymentMethod_Electronic check (increases churn risk, SHAP=1.218)",1.0,75.5,75.5,0.0,0.0
6393,9,0.1154,0,0,0,0.1154,0.8405,0.9705,1,"StreamingTV_Yes (decreases churn risk, SHAP=-2.186)","MonthlyCharges (decreases churn risk, SHAP=-1.317)","tenure (increases churn risk, SHAP=1.165)",2.0,84.05,186.05,0.0,0.0
6362,9,0.0426,0,0,0,0.0426,0.9215,0.9701,1,"MonthlyCharges (decreases churn risk, SHAP=-1.786)","tenure (increases churn risk, SHAP=1.386)","Contract_Two year (increases churn risk, SHAP=0.807)",2.0,61.2,125.95,0.0,0.0
6795,9,0.0637,0,1,1,0.0637,0.8968,0.9692,1,"StreamingTV_Yes (decreases churn risk, SHAP=-1.645)","MonthlyCharges (decreases churn risk, SHAP=-1.571)","tenure (increases churn risk, SHAP=1.217)",1.0,55.7,55.7,0.0,0.0
6706,9,0.1937,1,1,0,0.1937,0.7514,0.9669,1,"MonthlyCharges (decreases churn risk, SHAP=-1.626)","tenure (increases churn risk, SHAP=1.261)","Contract_Two year (increases churn risk, SHAP=0.971)",1.0,84.65,84.65,0.0,0.0
6889,9,0.2117,1,1,0,0.2117,0.7304,0.9654,1,"StreamingTV_Yes (decreases churn risk, SHAP=-2.264)","tenure (increases churn risk, SHAP=1.347)","PaymentMethod_Electronic check (increases churn risk, SHAP=1.148)",1.0,45.65,45.65,0.0,0.0
6728,9,0.2117,1,1,0,0.2117,0.7304,0.9654,1,"StreamingTV_Yes (decreases churn risk, SHAP=-2.264)","tenure (increases churn risk, SHAP=1.347)","PaymentMethod_Electronic check (increases churn risk, SHAP=1.148)",1.0,45.6,45.6,0.0,0.0
4946,7,0.3254,1,1,0,0.3254,0.6097,0.9649,1,"tenure (increases churn risk, SHAP=1.331)","PaymentMethod_Electronic check (increases churn risk, SHAP=1.203)","MonthlyCharges (decreases churn risk, SHAP=-1.048)",12.0,84.45,1059.55,0.0,0.0
5286,7,0.3254,1,0,1,0.3254,0.6097,0.9649,1,"tenure (increases churn risk, SHAP=1.331)","PaymentMethod_Electronic check (increases churn risk, SHAP=1.203)","MonthlyCharges (decreases churn risk, SHAP=-1.048)",9.0,85.5,791.7,0.0,0.0
5213,7,0.3254,1,1,0,0.3254,0.6097,0.9649,1,"tenure (increases churn risk, SHAP=1.331)","PaymentMethod_Electronic check (increases churn risk, SHAP=1.203)","MonthlyCharges (decreases churn risk, SHAP=-1.048)",9.0,85.35,758.6,0.0,0.0
5340,7,0.3269,1,0,1,0.3269,0.6081,0.9648,1,"PaymentMethod_Electronic check (increases churn risk, SHAP=1.461)","tenure (increases churn risk, SHAP=1.291)","Contract_Two year (increases churn risk, SHAP=0.769)",8.0,59.25,436.6,0.0,0.0
6821,9,0.1994,1,1,0,0.1994,0.7431,0.9647,1,"MonthlyCharges (decreases churn risk, SHAP=-1.369)","tenure (increases churn risk, SHAP=1.027)","PaymentMethod_Electronic check (decreases churn risk, SHAP=-0.892)",1.0,53.5,53.5,0.0,0.0
6139,8,0.3685,1,1,0,0.3685,0.5643,0.964,1,"tenure (increases churn risk, SHAP=1.280)","Contract_Two year (increases churn risk, SHAP=0.695)","MonthlyCharges (increases churn risk, SHAP=0.625)",3.0,101.55,298.35,0.0,0.0
6375,9,0.1856,1,0,1,0.1856,0.7562,0.9629,1,"StreamingTV_Yes (decreases churn risk, SHAP=-2.227)","MonthlyCharges (decreases churn risk, SHAP=-1.626)","tenure (increases churn risk, SHAP=1.423)",2.0,70.3,144.0,0.0,0.0
6008,8,0.3705,1,1,0,0.3705,0.5596,0.9612,1,"tenure (increases churn risk, SHAP=1.237)","Contract_Two year (increases churn risk, SHAP=0.706)","OnlineSecurity_Yes (increases churn risk, SHAP=0.560)",3.0,100.95,329.95,0.0,0.0
5548,7,0.3279,1,1,0,0.3279,0.6032,0.9608,1,"PaymentMethod_Electronic check (increases churn risk, SHAP=1.197)","tenure (increases churn risk, SHAP=1.171)","Contract_Two year (increases churn risk, SHAP=1.014)",7.0,84.8,546.95,0.0,0.0
6966,9,0.2184,1,1,0,0.2184,0.7182,0.9601,1,"StreamingTV_Yes (decreases churn risk, SHAP=-2.227)","MonthlyCharges (decreases churn risk, SHAP=-1.485)","tenure (increases churn risk, SHAP=1.268)",1.0,71.65,71.65,0.0,0.0
6556,9,0.2184,1,0,1,0.2184,0.7182,0.9601,1,"StreamingTV_Yes (decreases churn risk, SHAP=-2.227)","MonthlyCharges (decreases churn risk, SHAP=-1.485)","tenure (increases churn risk, SHAP=1.268)",1.0,70.05,70.05,0.0,0.0
6434,9,0.2184,1,1,0,0.2184,0.7182,0.9601,1,"StreamingTV_Yes (decreases churn risk, SHAP=-2.227)","MonthlyCharges (decreases churn risk, SHAP=-1.485)","tenure (increases churn risk, SHAP=1.268)",1.0,69.75,69.75,0.0,0.0
6748,9,0.2184,1,1,0,0.2184,0.7182,0.9601,1,"StreamingTV_Yes (decreases churn risk, SHAP=-2.227)","MonthlyCharges (decreases churn risk, SHAP=-1.485)","tenure (increases churn risk, SHAP=1.268)",1.0,69.65,69.65,0.0,0.0
6917,9,0.222,1,0,1,0.222,0.7138,0.9596,1,"StreamingTV_Yes (decreases churn risk, SHAP=-2.264)","tenure (increases churn risk, SHAP=1.368)","PaymentMethod_Electronic check (increases churn risk, SHAP=1.025)",1.0,50.15,50.15,0.0,0.0
6564,9,0.222,1,1,0,0.222,0.7138,0.9596,1,"StreamingTV_Yes (decreases churn risk, SHAP=-2.264)","tenure (increases churn risk, SHAP=1.368)","PaymentMethod_Electronic check (increases churn risk, SHAP=1.025)",1.0,50.45,50.45,0.0,0.0
5785,8,0.3694,1,1,0,0.3694,0.559,0.9594,1,"tenure (increases churn risk, SHAP=1.288)","TotalCharges (increases churn risk, SHAP=0.726)","Contract_Two year (increases churn risk, SHAP=0.665)",5.0,92.5,452.7,0.0,0.0
6625,9,0.3071,1,1,0,0.3071,0.6236,0.9594,1,"PaymentMethod_Electronic check (increases churn risk, SHAP=1.369)","MonthlyCharges (decreases churn risk, SHAP=-1.015)","tenure (increases churn risk, SHAP=0.976)",1.0,80.55,80.55,0.0,0.0
6909,9,0.0995,0,1,1,0.0995,0.8469,0.959,1,"StreamingTV_Yes (decreases churn risk, SHAP=-2.186)","MonthlyCharges (decreases churn risk, SHAP=-1.315)","tenure (increases churn risk, SHAP=1.302)",1.0,79.7,79.7,0.0,0.0
6792,9,0.0995,0,1,1,0.0995,0.8469,0.959,1,"StreamingTV_Yes (decreases churn risk, SHAP=-2.186)","MonthlyCharges (decreases churn risk, SHAP=-1.315)","tenure (increases churn risk, SHAP=1.302)",1.0,81.1,81.1,0.0,0.0
6916,9,0.0995,0,1,1,0.0995,0.8469,0.959,1,"StreamingTV_Yes (decreases churn risk, SHAP=-2.186)","MonthlyCharges (decreases churn risk, SHAP=-1.315)","tenure (increases churn risk, SHAP=1.302)",1.0,81.95,81.95,0.0,0.0
6712,9,0.2608,1,0,1,0.2608,0.6715,0.9586,1,"PaymentMethod_Electronic check (increases churn risk, SHAP=1.268)","tenure (increases churn risk, SHAP=1.166)","MonthlyCharges (decreases churn risk, SHAP=-0.949)",1.0,84.6,84.6,0.0,0.0
4696,6,0.3735,1,0,1,0.3735,0.5535,0.958,1,"tenure (increases churn risk, SHAP=1.046)","Contract_Two year (increases churn risk, SHAP=0.710)","TotalCharges (increases churn risk, SHAP=0.658)",14.0,95.6,1273.3,0.0,0.0
6746,9,0.2692,1,1,0,0.2692,0.6613,0.9572,1,"PaymentMethod_Electronic check (increases churn risk, SHAP=1.263)","tenure (increases churn risk, SHAP=1.006)","Contract_Two year (increases churn risk, SHAP=0.973)",1.0,85.7,85.7,0.0,0.0
6352,9,0.1887,1,1,0,0.1887,0.7467,0.9565,1,"StreamingTV_Yes (decreases churn risk, SHAP=-2.227)","MonthlyCharges (decreases churn risk, SHAP=-1.648)","tenure (increases churn risk, SHAP=1.445)",2.0,76.5,162.45,0.0,0.0
6970,9,0.1481,1,1,0,0.1481,0.7901,0.9558,1,"tenure (increases churn risk, SHAP=0.927)","Contract_Two year (increases churn risk, SHAP=0.840)","OnlineSecurity_Yes (decreases churn risk, SHAP=-0.770)",1.0,95.0,95.0,0.0,0.0
7014,9,0.0535,0,1,1,0.0535,0.8935,0.9541,1,"StreamingTV_Yes (decreases churn risk, SHAP=-2.028)","MonthlyCharges (decreases churn risk, SHAP=-1.866)","tenure (increases churn risk, SHAP=1.287)",1.0,79.6,79.6,0.0,0.0
5025,7,0.2627,1,0,1,0.2627,0.6649,0.9538,1,"StreamingTV_Yes (decreases churn risk, SHAP=-2.249)","MonthlyCharges (decreases churn risk, SHAP=-1.511)","tenure (increases churn risk, SHAP=1.262)",11.0,78.5,874.2,0.0,0.0
5395,7,0.3673,1,1,0,0.3673,0.5557,0.9536,1,"tenure (increases churn risk, SHAP=1.196)","Contract_Two year (increases churn risk, SHAP=0.983)","OnlineSecurity_Yes (increases churn risk, SHAP=0.635)",8.0,94.7,740.3,0.0,0.0
6727,9,0.1037,0,1,1,0.1037,0.8369,0.9536,1,"StreamingTV_Yes (decreases churn risk, SHAP=-2.186)","MonthlyCharges (decreases churn risk, SHAP=-1.337)","tenure (increases churn risk, SHAP=1.324)",1.0,85.0,85.0,0.0,0.0
6620,9,0.1189,0,1,1,0.1189,0.8189,0.9524,1,"StreamingTV_Yes (decreases churn risk, SHAP=-2.186)","MonthlyCharges (decreases churn risk, SHAP=-1.256)","tenure (increases churn risk, SHAP=1.165)",1.0,85.05,85.05,0.0,0.0
6128,8,0.1881,1,0,1,0.1881,0.7422,0.9513,1,"StreamingTV_Yes (decreases churn risk, SHAP=-2.235)","tenure (increases churn risk, SHAP=1.387)","MonthlyCharges (decreases churn risk, SHAP=-1.245)",3.0,84.3,235.05,0.0,0.0
6616,9,0.0451,0,0,0,0.0451,0.8996,0.9508,1,"MonthlyCharges (decreases churn risk, SHAP=-2.106)","StreamingTV_Yes (decreases churn risk, SHAP=-1.336)","tenure (increases churn risk, SHAP=1.187)",1.0,59.55,59.55,0.0,0.0
5990,8,0.3439,1,1,0,0.3439,0.5762,0.9498,1,"tenure (increases churn risk, SHAP=1.222)","Contract_Two year (increases churn risk, SHAP=0.993)","PaymentMethod_Electronic check (increases churn risk, SHAP=0.452)",3.0,98.7,293.65,0.0,0.0
5168,7,0.3636,1,1,0,0.3636,0.5557,0.9496,1,"tenure (increases churn risk, SHAP=1.196)","Contract_Two year (increases churn risk, SHAP=0.983)","OnlineSecurity_Yes (increases churn risk, SHAP=0.635)",10.0,94.9,1048.85,0.0,0.0
5640,8,0.3478,1,1,0,0.3478,0.5719,0.9495,1,"PaymentMethod_Electronic check (increases churn risk, SHAP=1.621)","tenure (increases churn risk, SHAP=0.955)","Contract_Two year (increases churn risk, SHAP=0.804)",6.0,47.95,305.1,0.0,0.0
6717,9,0.2203,1,1,0,0.2203,0.7051,0.9487,1,"StreamingTV_Yes (decreases churn risk, SHAP=-2.227)","MonthlyCharges (decreases churn risk, SHAP=-1.507)","tenure (increases churn risk, SHAP=1.286)",1.0,73.65,73.65,0.0,0.0
6436,9,0.2203,1,1,0,0.2203,0.7051,0.9487,1,"StreamingTV_Yes (decreases churn risk, SHAP=-2.227)","MonthlyCharges (decreases churn risk, SHAP=-1.507)","tenure (increases churn risk, SHAP=1.286)",1.0,75.75,75.75,0.0,0.0
7026,9,0.2203,1,1,0,0.2203,0.7051,0.9487,1,"StreamingTV_Yes (decreases churn risk, SHAP=-2.227)","MonthlyCharges (decreases churn risk, SHAP=-1.507)","tenure (increases churn risk, SHAP=1.286)",1.0,75.35,75.35,0.0,0.0
5264,7,0.3241,1,1,0,0.3241,0.5952,0.9482,1,"tenure (increases churn risk, SHAP=1.066)","TotalCharges (increases churn risk, SHAP=0.789)","Contract_Two year (increases churn risk, SHAP=0.587)",9.0,94.4,857.25,0.0,0.0
5271,7,0.1737,1,1,0,0.1737,0.7538,0.9472,1,"MonthlyCharges (decreases churn risk, SHAP=-1.205)","tenure (increases churn risk, SHAP=1.133)","Contract_Two year (increases churn risk, SHAP=1.043)",9.0,90.8,809.75,0.0,0.0
5247,7,0.3701,1,0,1,0.3701,0.5462,0.9467,1,"tenure (increases churn risk, SHAP=1.196)","Contract_Two year (increases churn risk, SHAP=0.983)","TotalCharges (increases churn risk, SHAP=0.643)",9.0,94.05,811.65,0.0,0.0
4724,6,0.2994,1,1,0,0.2994,0.6174,0.9445,1,"tenure (increases churn risk, SHAP=1.273)","Contract_Two year (increases churn risk, SHAP=1.102)","MonthlyCharges (decreases churn risk, SHAP=-0.925)",14.0,90.45,1266.1,0.0,0.0
4916,6,0.3663,1,0,1,0.3663,0.5479,0.9443,1,"tenure (increases churn risk, SHAP=1.246)","TotalCharges (increases churn risk, SHAP=0.719)","Contract_Two year (increases churn risk, SHAP=0.631)",12.0,94.55,1173.55,0.0,0.0
4233,6,0.3212,1,1,0,0.3212,0.5937,0.9435,1,"MonthlyCharges (decreases churn risk, SHAP=-1.173)","Contract_Two year (increases churn risk, SHAP=0.965)","PaymentMethod_Electronic check (increases churn risk, SHAP=0.922)",20.0,90.2,1776.55,0.0,0.0
6278,8,0.3594,1,0,1,0.3594,0.5496,0.9387,1,"PaymentMethod_Electronic check (increases churn risk, SHAP=1.188)","tenure (increases churn risk, SHAP=0.977)","Contract_Two year (increases churn risk, SHAP=0.844)",2.0,91.45,171.45,0.0,0.0
6108,8,0.2235,1,1,0,0.2235,0.6898,0.9365,1,"Contract_Two year (increases churn risk, SHAP=1.049)","tenure (increases churn risk, SHAP=0.956)","TotalCharges (increases churn risk, SHAP=0.662)",3.0,95.1,307.4,0.0,0.0
5791,8,0.3379,1,1,0,0.3379,0.5694,0.9361,1,"PaymentMethod_Electronic check (increases churn risk, SHAP=1.272)","tenure (increases churn risk, SHAP=1.085)","Contract_Two year (increases churn risk, SHAP=1.061)",5.0,90.8,455.5,0.0,0.0
4960,7,0.3673,1,1,0,0.3673,0.5382,0.9351,1,"tenure (increases churn risk, SHAP=0.702)","Contract_Two year (increases churn risk, SHAP=0.701)","OnlineSecurity_Yes (increases churn risk, SHAP=0.506)",12.0,101.35,1218.55,0.0,0.0
5115,7,0.2157,1,1,0,0.2157,0.6968,0.9351,1,"tenure (increases churn risk, SHAP=1.179)","TechSupport_Yes (decreases churn risk, SHAP=-0.795)","MonthlyCharges (increases churn risk, SHAP=0.775)",10.0,98.55,1008.55,0.0,0.0
4937,7,0.0449,0,0,0,0.0449,0.8823,0.9331,1,"MonthlyCharges (decreases churn risk, SHAP=-2.384)","Contract_Two year (increases churn risk, SHAP=1.070)","tenure (increases churn risk, SHAP=1.018)",12.0,69.85,837.5,0.0,0.0
5400,7,0.3537,1,1,0,0.3537,0.5501,0.933,1,"PaymentMethod_Electronic check (increases churn risk, SHAP=1.313)","Contract_Two year (increases churn risk, SHAP=1.114)","tenure (increases churn risk, SHAP=0.931)",8.0,92.1,729.95,0.0,0.0
6003,8,0.254,1,0,1,0.254,0.6523,0.9311,1,"PaymentMethod_Electronic check (increases churn risk, SHAP=1.318)","tenure (increases churn risk, SHAP=1.144)","Contract_Two year (increases churn risk, SHAP=1.040)",3.0,80.5,232.35,0.0,0.0
6308,8,0.254,1,1,0,0.254,0.6523,0.9311,1,"PaymentMethod_Electronic check (increases churn risk, SHAP=1.318)","tenure (increases churn risk, SHAP=1.144)","Contract_Two year (increases churn risk, SHAP=1.040)",2.0,80.65,144.15,0.0,0.0
5995,8,0.254,1,1,0,0.254,0.6523,0.9311,1,"PaymentMethod_Electronic check (increases churn risk, SHAP=1.318)","tenure (increases churn risk, SHAP=1.144)","Contract_Two year (increases churn risk, SHAP=1.040)",3.0,79.4,244.65,0.0,0.0
6032,8,0.2679,1,0,1,0.2679,0.6362,0.9296,1,"PaymentMethod_Electronic check (increases churn risk, SHAP=1.461)","tenure (increases churn risk, SHAP=1.144)","Contract_Two year (increases churn risk, SHAP=0.750)",3.0,60.25,170.5,0.0,0.0
5922,8,0.2485,1,0,1,0.2485,0.6566,0.9295,1,"PaymentMethod_Electronic check (increases churn risk, SHAP=1.477)","tenure (increases churn risk, SHAP=1.287)","Contract_Two year (increases churn risk, SHAP=0.912)",4.0,61.3,249.4,0.0,0.0
5931,8,0.1802,1,0,1,0.1802,0.7286,0.9285,1,"tenure (increases churn risk, SHAP=1.268)","OnlineSecurity_Yes (decreases churn risk, SHAP=-1.102)","Contract_Two year (increases churn risk, SHAP=0.935)",4.0,90.65,367.95,0.0,0.0
6010,8,0.0487,0,0,0,0.0487,0.8721,0.9272,1,"MonthlyCharges (decreases churn risk, SHAP=-2.380)","tenure (increases churn risk, SHAP=1.122)","Contract_Two year (increases churn risk, SHAP=0.996)",3.0,70.7,225.65,0.0,0.0
4492,6,0.2766,1,1,0,0.2766,0.6242,0.9267,1,"tenure (increases churn risk, SHAP=1.146)","Contract_Two year (increases churn risk, SHAP=0.917)","OnlineSecurity_Yes (decreases churn risk, SHAP=-0.722)",17.0,93.85,1625.65,0.0,0.0
5753,8,0.187,1,0,1,0.187,0.7187,0.9259,1,"MonthlyCharges (decreases churn risk, SHAP=-1.660)","tenure (increases churn risk, SHAP=1.172)","Contract_Two year (increases churn risk, SHAP=1.076)",5.0,80.1,398.55,0.0,0.0
5206,7,0.1813,1,1,0,0.1813,0.7225,0.9234,1,"StreamingTV_Yes (decreases churn risk, SHAP=-1.656)","tenure (increases churn risk, SHAP=1.515)","MonthlyCharges (decreases churn risk, SHAP=-1.459)",9.0,84.4,732.5,0.0,0.0
5225,7,0.3519,1,0,1,0.3519,0.5413,0.9218,1,"PaymentMethod_Electronic check (increases churn risk, SHAP=1.197)","tenure (increases churn risk, SHAP=0.982)","Contract_Two year (increases churn risk, SHAP=0.974)",9.0,90.1,816.8,0.0,0.0
4693,6,0.352,1,0,1,0.352,0.5408,0.9214,1,"PaymentMethod_Electronic check (increases churn risk, SHAP=1.681)","Contract_Two year (increases churn risk, SHAP=0.830)","tenure (increases churn risk, SHAP=0.794)",14.0,46.35,672.7,0.0,0.0
5028,7,0.3598,1,0,1,0.3598,0.5327,0.9212,1,"PaymentMethod_Electronic check (increases churn risk, SHAP=1.383)","tenure (increases churn risk, SHAP=1.278)","MonthlyCharges (decreases churn risk, SHAP=-1.237)",11.0,69.35,712.25,0.0,0.0
5299,7,0.2391,1,1,0,0.2391,0.6581,0.9207,1,"tenure (increases churn risk, SHAP=1.272)","PaymentMethod_Electronic check (increases churn risk, SHAP=1.195)","Dependents (decreases churn risk, SHAP=-0.961)",9.0,55.35,449.75,0.0,0.0
5739,8,0.3474,1,1,0,0.3474,0.5443,0.92,1,"tenure (increases churn risk, SHAP=1.216)","Contract_Two year (increases churn risk, SHAP=0.907)","TotalCharges (increases churn risk, SHAP=0.685)",5.0,96.5,492.55,0.0,0.0
5603,7,0.3133,1,1,0,0.3133,0.5763,0.9166,1,"PaymentMethod_Electronic check (increases churn risk, SHAP=1.322)","tenure (increases churn risk, SHAP=1.254)","Contract_Two year (increases churn risk, SHAP=1.207)",6.0,85.35,489.45,0.0,0.0
5039,7,0.3514,1,1,0,0.3514,0.5367,0.9163,1,"tenure (increases churn risk, SHAP=0.772)","TotalCharges (increases churn risk, SHAP=0.642)","OnlineSecurity_Yes (increases churn risk, SHAP=0.574)",11.0,94.0,1078.9,0.0,0.0
5738,8,0.2277,1,1,0,0.2277,0.6658,0.9162,1,"Contract_Two year (increases churn risk, SHAP=1.043)","tenure (increases churn risk, SHAP=0.956)","TotalCharges (increases churn risk, SHAP=0.661)",5.0,96.25,512.45,0.0,0.0
5493,7,0.3667,1,1,0,0.3667,0.5198,0.9151,1,"tenure (increases churn risk, SHAP=1.254)","Contract_Two year (increases churn risk, SHAP=0.695)","TotalCharges (increases churn risk, SHAP=0.623)",7.0,98.05,713.0,0.0,0.0
5677,8,0.2466,1,1,0,0.2466,0.6419,0.9123,1,"MonthlyCharges (decreases churn risk, SHAP=-1.595)","tenure (increases churn risk, SHAP=1.175)","Contract_Two year (increases churn risk, SHAP=0.991)",5.0,70.0,347.4,0.0,1.0
6279,8,0.2645,1,1,0,0.2645,0.6224,0.9115,1,"PaymentMethod_Electronic check (increases churn risk, SHAP=1.197)","tenure (increases churn risk, SHAP=1.006)","Contract_Two year (increases churn risk, SHAP=0.970)",2.0,85.55,187.45,0.0,0.0
3868,5,0.3717,1,1,0,0.3717,0.5103,0.9105,1,"PaymentMethod_Electronic check (increases churn risk, SHAP=1.383)","tenure (increases churn risk, SHAP=1.247)","Contract_Two year (increases churn risk, SHAP=1.112)",24.0,90.35,2238.5,0.0,0.0
5936,8,0.299,1,1,0,0.299,0.585,0.9103,1,"MonthlyCharges (decreases churn risk, SHAP=-1.443)","tenure (increases churn risk, SHAP=1.278)","PaymentMethod_Electronic check (increases churn risk, SHAP=1.218)",4.0,74.4,299.7,0.0,0.0
5607,7,0.2496,1,1,0,0.2496,0.6357,0.9092,1,"tenure (increases churn risk, SHAP=1.069)","TotalCharges (increases churn risk, SHAP=0.706)","Contract_Two year (increases churn risk, SHAP=0.638)",6.0,93.55,536.4,0.0,0.0
6074,8,0.1401,1,1,0,0.1401,0.7521,0.908,1,"StreamingTV_Yes (decreases churn risk, SHAP=-2.186)","tenure (increases churn risk, SHAP=1.263)","PaymentMethod_Electronic check (increases churn risk, SHAP=1.074)",3.0,55.3,196.15,0.0,0.0
4692,6,0.3703,1,1,0,0.3703,0.5077,0.9061,1,"tenure (increases churn risk, SHAP=1.178)","Contract_Two year (increases churn risk, SHAP=0.810)","OnlineSecurity_Yes (increases churn risk, SHAP=0.569)",14.0,100.55,1415.55,0.0,0.0
3616,5,0.3296,1,1,0,0.3296,0.5493,0.9061,1,"tenure (increases churn risk, SHAP=0.887)","PaymentMethod_Mailed check (decreases churn risk, SHAP=-0.775)","TotalCharges (increases churn risk, SHAP=0.744)",27.0,94.55,2724.6,0.0,0.0
4299,6,0.3701,1,1,0,0.3701,0.5077,0.906,1,"tenure (increases churn risk, SHAP=1.178)","Contract_Two year (increases churn risk, SHAP=0.810)","OnlineSecurity_Yes (increases churn risk, SHAP=0.569)",19.0,99.95,1931.75,0.0,0.0
5212,7,0.0895,0,0,0,0.0895,0.8049,0.9052,1,"MonthlyCharges (decreases churn risk, SHAP=-1.641)","Contract_Two year (increases churn risk, SHAP=1.015)","tenure (increases churn risk, SHAP=0.980)",9.0,88.4,788.6,0.0,0.0
5828,8,0.2581,1,1,0,0.2581,0.6227,0.9049,1,"PaymentMethod_Electronic check (increases churn risk, SHAP=1.383)","tenure (increases churn risk, SHAP=1.144)","Contract_Two year (increases churn risk, SHAP=1.043)",4.0,79.0,303.15,0.0,0.0
5999,8,0.2527,1,1,0,0.2527,0.6282,0.9046,1,"tenure (increases churn risk, SHAP=0.772)","TotalCharges (increases churn risk, SHAP=0.630)","OnlineSecurity_Yes (increases churn risk, SHAP=0.558)",3.0,95.2,292.85,0.0,0.0
5965,8,0.267,1,1,0,0.267,0.6129,0.9045,1,"PaymentMethod_Electronic check (increases churn risk, SHAP=1.378)","Contract_Two year (increases churn risk, SHAP=1.078)","tenure (increases churn risk, SHAP=0.988)",4.0,78.85,292.8,0.0,0.0
4347,6,0.3652,1,1,0,0.3652,0.5103,0.9034,1,"tenure (increases churn risk, SHAP=0.877)","OnlineSecurity_Yes (increases churn risk, SHAP=0.610)","TotalCharges (increases churn risk, SHAP=0.559)",18.0,94.7,1687.95,0.0,0.0
4327,6,0.3652,1,0,1,0.3652,0.5103,0.9034,1,"tenure (increases churn risk, SHAP=0.877)","OnlineSecurity_Yes (increases churn risk, SHAP=0.610)","TotalCharges (increases churn risk, SHAP=0.559)",18.0,94.75,1691.9,0.0,0.0
4040,5,0.3153,1,0,1,0.3153,0.5588,0.9005,1,"Contract_Two year (increases churn risk, SHAP=1.047)","tenure (increases churn risk, SHAP=0.958)","PaymentMethod_Mailed check (decreases churn risk, SHAP=-0.720)",22.0,93.2,2157.3,0.0,0.0
6100,8,0.2117,1,1,0,0.2117,0.6661,0.899,1,"StreamingTV_Yes (decreases churn risk, SHAP=-2.264)","tenure (increases churn risk, SHAP=1.347)","PaymentMethod_Electronic check (increases churn risk, SHAP=1.083)",3.0,45.35,141.5,0.0,0.0
5283,7,0.3056,1,0,1,0.3056,0.5674,0.899,1,"Contract_Two year (increases churn risk, SHAP=0.903)","tenure (increases churn risk, SHAP=0.834)","MonthlyCharges (increases churn risk, SHAP=0.601)",9.0,101.5,906.85,0.0,0.0
5180,7,0.2781,1,0,1,0.2781,0.5958,0.8987,1,"tenure (increases churn risk, SHAP=1.220)","Contract_Two year (increases churn risk, SHAP=0.876)","OnlineSecurity_Yes (decreases churn risk, SHAP=-0.567)",10.0,98.9,1064.95,0.0,1.0
5861,8,0.3071,1,1,0,0.3071,0.5654,0.8985,1,"PaymentMethod_Electronic check (increases churn risk, SHAP=1.369)","MonthlyCharges (decreases churn risk, SHAP=-1.015)","tenure (increases churn risk, SHAP=0.976)",4.0,80.35,307.4,0.0,0.0
6288,8,0.053,0,1,1,0.053,0.8385,0.8982,1,"MonthlyCharges (decreases churn risk, SHAP=-1.570)","OnlineSecurity_Yes (decreases churn risk, SHAP=-1.134)","tenure (increases churn risk, SHAP=1.090)",2.0,70.75,146.9,0.0,0.0
5590,7,0.333,1,1,0,0.333,0.5382,0.8981,1,"PaymentMethod_Electronic check (increases churn risk, SHAP=1.206)","tenure (increases churn risk, SHAP=1.085)","Contract_Two year (increases churn risk, SHAP=1.058)",6.0,90.1,521.3,0.0,0.0
5088,7,0.2948,1,1,0,0.2948,0.5766,0.8968,1,"Contract_Two year (increases churn risk, SHAP=0.996)","tenure (increases churn risk, SHAP=0.844)","PaymentMethod_Electronic check (increases churn risk, SHAP=0.456)",10.0,99.85,990.9,0.0,0.0
5446,7,0.0764,0,1,1,0.0764,0.8103,0.896,1,"MonthlyCharges (decreases churn risk, SHAP=-1.704)","StreamingTV_Yes (decreases churn risk, SHAP=-1.645)","tenure (increases churn risk, SHAP=1.348)",7.0,85.2,602.55,0.0,0.0
5248,7,0.2432,1,1,0,0.2432,0.6298,0.896,1,"PaymentMethod_Electronic check (increases churn risk, SHAP=1.304)","MonthlyCharges (decreases churn risk, SHAP=-0.956)","tenure (increases churn risk, SHAP=0.875)",9.0,89.45,853.1,0.0,0.0
6153,8,0.2724,1,1,0,0.2724,0.5987,0.8956,1,"PaymentMethod_Electronic check (increases churn risk, SHAP=1.313)","Contract_Two year (increases churn risk, SHAP=1.079)","tenure (increases churn risk, SHAP=0.989)",3.0,86.85,220.95,0.0,0.0
5403,7,0.3717,1,1,0,0.3717,0.4951,0.8944,1,"tenure (increases churn risk, SHAP=1.077)","Contract_Two year (increases churn risk, SHAP=0.729)","OnlineSecurity_Yes (increases churn risk, SHAP=0.449)",8.0,100.6,819.4,0.0,0.0
5295,7,0.3717,1,1,0,0.3717,0.4951,0.8944,1,"tenure (increases churn risk, SHAP=1.077)","Contract_Two year (increases churn risk, SHAP=0.729)","OnlineSecurity_Yes (increases churn risk, SHAP=0.449)",9.0,100.5,918.6,0.0,0.0
4088,5,0.3651,1,1,0,0.3651,0.5017,0.8943,1,"tenure (increases churn risk, SHAP=1.270)","Contract_Two year (increases churn risk, SHAP=0.682)","TotalCharges (increases churn risk, SHAP=0.617)",22.0,94.65,2104.55,0.0,0.0
4716,6,0.355,1,1,0,0.355,0.5113,0.8936,1,"PaymentMethod_Electronic check (increases churn risk, SHAP=1.672)","tenure (increases churn risk, SHAP=0.807)","OnlineSecurity_Yes (increases churn risk, SHAP=0.752)",14.0,46.35,667.7,0.0,0.0
5363,7,0.297,1,0,1,0.297,0.5712,0.8936,1,"PaymentMethod_Electronic check (increases churn risk, SHAP=1.189)","Dependents (decreases churn risk, SHAP=-0.967)","tenure (increases churn risk, SHAP=0.803)",8.0,54.4,475.1,0.0,0.0
4408,6,0.3583,1,0,1,0.3583,0.5077,0.8932,1,"tenure (increases churn risk, SHAP=0.866)","TotalCharges (increases churn risk, SHAP=0.741)","Contract_Two year (increases churn risk, SHAP=0.666)",17.0,94.2,1608.15,0.0,0.0
6119,8,0.1281,0,0,0,0.1281,0.7504,0.8929,1,"MonthlyCharges (decreases churn risk, SHAP=-1.787)","tenure (increases churn risk, SHAP=1.206)","Contract_Two year (increases churn risk, SHAP=0.998)",3.0,82.3,214.4,0.0,0.0
6110,8,0.0527,0,0,0,0.0527,0.8326,0.8919,1,"StreamingTV_Yes (decreases churn risk, SHAP=-1.632)","MonthlyCharges (decreases churn risk, SHAP=-1.517)","tenure (increases churn risk, SHAP=1.240)",3.0,54.65,189.1,0.0,0.0
5279,7,0.0744,0,0,0,0.0744,0.8047,0.8881,1,"MonthlyCharges (decreases churn risk, SHAP=-1.650)","tenure (increases churn risk, SHAP=1.200)","MultipleLines_Yes (decreases churn risk, SHAP=-0.797)",9.0,64.95,547.8,0.0,0.0
6324,8,0.2143,1,1,0,0.2143,0.6524,0.8876,1,"StreamingTV_Yes (decreases churn risk, SHAP=-1.256)","tenure (increases churn risk, SHAP=1.138)","Contract_Two year (increases churn risk, SHAP=0.848)",2.0,49.25,91.1,0.0,0.0
6037,8,0.2636,1,0,1,0.2636,0.6002,0.8875,1,"PaymentMethod_Electronic check (increases churn risk, SHAP=1.220)","tenure (increases churn risk, SHAP=1.107)","MonthlyCharges (decreases churn risk, SHAP=-1.003)",3.0,69.95,220.45,0.0,1.0
5728,8,0.2608,1,0,1,0.2608,0.6028,0.8872,1,"PaymentMethod_Electronic check (increases churn risk, SHAP=1.268)","tenure (increases churn risk, SHAP=1.166)","MonthlyCharges (decreases churn risk, SHAP=-0.949)",5.0,84.0,424.75,0.0,0.0
5698,8,0.2608,1,1,0,0.2608,0.6028,0.8872,1,"PaymentMethod_Electronic check (increases churn risk, SHAP=1.268)","tenure (increases churn risk, SHAP=1.166)","MonthlyCharges (decreases churn risk, SHAP=-0.949)",5.0,85.2,474.8,0.0,0.0
3691,5,0.3539,1,1,0,0.3539,0.5061,0.8868,1,"PaymentMethod_Electronic check (increases churn risk, SHAP=1.313)","Contract_Two year (increases churn risk, SHAP=1.101)","tenure (increases churn risk, SHAP=0.926)",26.0,91.25,2351.8,0.0,0.0
4557,6,0.2631,1,0,1,0.2631,0.5995,0.8862,1,"StreamingTV_Yes (decreases churn risk, SHAP=-2.249)","MonthlyCharges (decreases churn risk, SHAP=-1.333)","tenure (increases churn risk, SHAP=1.262)",16.0,78.75,1218.25,0.0,0.0
5032,7,0.2579,1,1,0,0.2579,0.6041,0.8853,1,"tenure (increases churn risk, SHAP=0.892)","TotalCharges (increases churn risk, SHAP=0.719)","Contract_Two year (increases churn risk, SHAP=0.660)",11.0,95.15,997.65,0.0,0.0
4634,6,0.259,1,1,0,0.259,0.5995,0.8818,1,"StreamingTV_Yes (decreases churn risk, SHAP=-2.249)","MonthlyCharges (decreases churn risk, SHAP=-1.333)","tenure (increases churn risk, SHAP=1.262)",15.0,79.4,1156.1,0.0,0.0
3955,5,0.3279,1,0,1,0.3279,0.527,0.8809,1,"Contract_Two year (increases churn risk, SHAP=0.983)","tenure (increases churn risk, SHAP=0.979)","PaymentMethod_Mailed check (decreases churn risk, SHAP=-0.741)",23.0,95.3,2192.9,0.0,0.0
4305,6,0.2597,1,0,1,0.2597,0.5971,0.8801,1,"MonthlyCharges (decreases churn risk, SHAP=-1.460)","StreamingTV_Yes (decreases churn risk, SHAP=-1.241)","tenure (increases churn risk, SHAP=1.210)",19.0,87.3,1637.3,0.0,0.0
5627,7,0.2859,1,1,0,0.2859,0.5688,0.8792,1,"tenure (increases churn risk, SHAP=0.811)","Contract_Two year (increases churn risk, SHAP=0.796)","gender_Male (decreases churn risk, SHAP=-0.510)",6.0,98.25,560.6,0.0,0.0
4099,5,0.3665,1,0,1,0.3665,0.4847,0.8778,1,"tenure (increases churn risk, SHAP=1.206)","Contract_Two year (increases churn risk, SHAP=0.693)","TotalCharges (increases churn risk, SHAP=0.633)",22.0,95.1,2162.6,0.0,0.0
4985,7,0.2703,1,0,1,0.2703,0.5833,0.8773,1,"PaymentMethod_Electronic check (increases churn risk, SHAP=1.511)","tenure (increases churn risk, SHAP=1.227)","Contract_Two year (increases churn risk, SHAP=0.831)",11.0,61.25,729.95,0.0,1.0
4241,6,0.3056,1,1,0,0.3056,0.5458,0.8764,1,"tenure (increases churn risk, SHAP=1.064)","Contract_Two year (increases churn risk, SHAP=1.033)","OnlineSecurity_Yes (decreases churn risk, SHAP=-1.002)",19.0,90.6,1660.0,0.0,0.0
4790,6,0.1857,1,1,0,0.1857,0.6718,0.8761,1,"tenure (increases churn risk, SHAP=1.016)","TechSupport_Yes (decreases churn risk, SHAP=-0.814)","PaymentMethod_Mailed check (decreases churn risk, SHAP=-0.793)",13.0,98.15,1230.25,0.0,0.0
4710,6,0.3527,1,1,0,0.3527,0.4956,0.8744,1,"tenure (increases churn risk, SHAP=1.305)","PaymentMethod_Electronic check (increases churn risk, SHAP=1.103)","Contract_Two year (increases churn risk, SHAP=0.992)",14.0,89.95,1178.4,0.0,0.0
4590,6,0.3391,1,0,1,0.3391,0.5087,0.8737,1,"tenure (increases churn risk, SHAP=1.237)","Contract_Two year (increases churn risk, SHAP=1.042)","MonthlyCharges (decreases churn risk, SHAP=-1.030)",15.0,91.0,1430.05,0.0,0.0
5112,7,0.2082,1,1,0,0.2082,0.6452,0.8736,1,"MonthlyCharges (decreases churn risk, SHAP=-1.631)","tenure (increases churn risk, SHAP=1.452)","Contract_Two year (increases churn risk, SHAP=0.956)",10.0,86.05,834.1,0.0,0.0
5591,7,0.2408,1,0,1,0.2408,0.6105,0.8733,1,"MonthlyCharges (decreases churn risk, SHAP=-2.865)","PaymentMethod_Electronic check (increases churn risk, SHAP=1.543)","Contract_Two year (increases churn risk, SHAP=0.711)",6.0,44.4,263.05,0.0,0.0
4838,6,0.368,1,1,0,0.368,0.4787,0.8731,1,"tenure (increases churn risk, SHAP=0.716)","TotalCharges (increases churn risk, SHAP=0.584)","Contract_Two year (increases churn risk, SHAP=0.571)",13.0,95.25,1233.65,0.0,0.0
4473,6,0.3678,1,0,1,0.3678,0.4787,0.8729,1,"tenure (increases churn risk, SHAP=0.716)","TotalCharges (increases churn risk, SHAP=0.584)","Contract_Two year (increases churn risk, SHAP=0.571)",17.0,94.8,1563.9,0.0,0.0
4048,5,0.3706,1,1,0,0.3706,0.4757,0.8728,1,"tenure (increases churn risk, SHAP=1.046)","Contract_Two year (increases churn risk, SHAP=0.717)","TotalCharges (increases churn risk, SHAP=0.658)",22.0,96.7,2082.95,0.0,0.0
4507,6,0.3279,1,1,0,0.3279,0.5186,0.8721,1,"PaymentMethod_Electronic check (increases churn risk, SHAP=1.197)","tenure (increases churn risk, SHAP=1.171)","Contract_Two year (increases churn risk, SHAP=1.014)",16.0,86.6,1281.0,0.0,0.0
5585,7,0.2075,1,1,0,0.2075,0.6435,0.8711,1,"MonthlyCharges (decreases churn risk, SHAP=-1.520)","tenure (increases churn risk, SHAP=1.490)","Contract_Two year (increases churn risk, SHAP=1.062)",6.0,80.5,463.05,0.0,0.0
4230,6,0.3254,1,1,0,0.3254,0.5184,0.8692,1,"tenure (increases churn risk, SHAP=1.331)","PaymentMethod_Electronic check (increases churn risk, SHAP=1.203)","MonthlyCharges (decreases churn risk, SHAP=-1.048)",20.0,85.25,1734.5,0.0,0.0
3746,5,0.3738,1,0,1,0.3738,0.467,0.867,1,"tenure (increases churn risk, SHAP=1.046)","Contract_Two year (increases churn risk, SHAP=0.717)","TotalCharges (increases churn risk, SHAP=0.671)",26.0,93.6,2404.1,0.0,0.0
5293,7,0.2629,1,1,0,0.2629,0.5811,0.8669,1,"PaymentMethod_Electronic check (increases churn risk, SHAP=1.313)","Contract_Two year (increases churn risk, SHAP=1.076)","tenure (increases churn risk, SHAP=0.988)",9.0,80.85,751.65,0.0,0.0
3326,4,0.3656,1,0,1,0.3656,0.4747,0.8663,1,"PaymentMethod_Electronic check (increases churn risk, SHAP=1.318)","tenure (increases churn risk, SHAP=1.265)","Contract_Two year (increases churn risk, SHAP=1.047)",32.0,91.05,2871.5,0.0,0.0
3775,5,0.3716,1,1,0,0.3716,0.4678,0.8655,1,"tenure (increases churn risk, SHAP=1.249)","Contract_Two year (increases churn risk, SHAP=0.680)","TotalCharges (increases churn risk, SHAP=0.623)",25.0,94.7,2362.1,0.0,0.0
4288,6,0.1944,1,0,1,0.1944,0.6519,0.8653,1,"tenure (increases churn risk, SHAP=1.633)","StreamingTV_Yes (decreases churn risk, SHAP=-1.235)","MonthlyCharges (decreases churn risk, SHAP=-1.200)",19.0,87.7,1725.95,0.0,1.0
5386,7,0.364,1,1,0,0.364,0.4752,0.8652,1,"tenure (increases churn risk, SHAP=1.233)","Contract_Two year (increases churn risk, SHAP=0.795)","TotalCharges (increases churn risk, SHAP=0.680)",8.0,94.0,773.65,0.0,0.0
4846,6,0.3396,1,0,1,0.3396,0.4987,0.8637,1,"tenure (increases churn risk, SHAP=1.271)","Contract_Two year (increases churn risk, SHAP=0.634)","MonthlyCharges (increases churn risk, SHAP=0.553)",13.0,100.75,1313.25,0.0,0.0
5529,7,0.254,1,1,0,0.254,0.5873,0.8636,1,"PaymentMethod_Electronic check (increases churn risk, SHAP=1.318)","tenure (increases churn risk, SHAP=1.144)","Contract_Two year (increases churn risk, SHAP=1.040)",7.0,79.7,586.05,0.0,0.0
5462,7,0.254,1,1,0,0.254,0.5873,0.8636,1,"PaymentMethod_Electronic check (increases churn risk, SHAP=1.318)","tenure (increases churn risk, SHAP=1.144)","Contract_Two year (increases churn risk, SHAP=1.040)",7.0,79.0,522.95,0.0,0.0
5164,7,0.1745,1,0,1,0.1745,0.6715,0.8636,1,"MonthlyCharges (decreases churn risk, SHAP=-1.671)","Dependents (decreases churn risk, SHAP=-0.932)","PaymentMethod_Electronic check (increases churn risk, SHAP=0.922)",10.0,88.85,929.45,0.0,0.0
4931,7,0.0993,0,0,0,0.0993,0.7528,0.8633,1,"MonthlyCharges (decreases churn risk, SHAP=-1.725)","StreamingTV_Yes (decreases churn risk, SHAP=-1.656)","tenure (increases churn risk, SHAP=1.469)",12.0,79.95,1043.4,0.0,0.0
5179,7,0.3036,1,1,0,0.3036,0.5347,0.8626,1,"PaymentMethod_Electronic check (increases churn risk, SHAP=1.304)","MonthlyCharges (decreases churn risk, SHAP=-1.074)","tenure (increases churn risk, SHAP=0.976)",10.0,79.95,857.2,0.0,0.0
4630,6,0.3555,1,0,1,0.3555,0.4803,0.8614,1,"PaymentMethod_Electronic check (increases churn risk, SHAP=1.523)","tenure (increases churn risk, SHAP=1.132)","Contract_Two year (increases churn risk, SHAP=0.602)",15.0,50.75,688.2,0.0,1.0
4990,7,0.1773,1,0,1,0.1773,0.6663,0.8612,1,"StreamingTV_Yes (decreases churn risk, SHAP=-1.656)","MonthlyCharges (decreases churn risk, SHAP=-1.476)","tenure (increases churn risk, SHAP=1.427)",11.0,79.15,827.7,0.0,0.0
5109,7,0.1347,1,1,0,0.1347,0.7116,0.8606,1,"tenure (increases churn risk, SHAP=1.041)","TechSupport_Yes (decreases churn risk, SHAP=-0.855)","Contract_Two year (increases churn risk, SHAP=0.665)",10.0,98.7,973.25,0.0,0.0
4055,5,0.3045,1,1,0,0.3045,0.5308,0.8595,1,"tenure (increases churn risk, SHAP=1.166)","TechSupport_Yes (decreases churn risk, SHAP=-0.795)","Contract_Two year (increases churn risk, SHAP=0.709)",22.0,100.75,2095.0,0.0,0.0
3405,4,0.3701,1,1,0,0.3701,0.4618,0.8575,1,"PaymentMethod_Electronic check (increases churn risk, SHAP=1.318)","tenure (increases churn risk, SHAP=1.247)","Contract_Two year (increases churn risk, SHAP=1.109)",30.0,90.25,2755.35,0.0,0.0
5366,7,0.2579,1,1,0,0.2579,0.5769,0.857,1,"PaymentMethod_Electronic check (increases churn risk, SHAP=1.203)","tenure (increases churn risk, SHAP=1.166)","MonthlyCharges (decreases churn risk, SHAP=-0.976)",8.0,87.05,762.1,0.0,0.0
4811,6,0.343,1,0,1,0.343,0.4878,0.8558,1,"PaymentMethod_Electronic check (increases churn risk, SHAP=1.666)","Contract_Two year (increases churn risk, SHAP=0.653)","OnlineSecurity_Yes (increases churn risk, SHAP=0.595)",13.0,45.3,528.45,0.0,0.0
5500,7,0.1266,0,0,0,0.1266,0.7134,0.8535,1,"MonthlyCharges (decreases churn risk, SHAP=-1.460)","tenure (increases churn risk, SHAP=1.147)","PaymentMethod_Electronic check (decreases churn risk, SHAP=-0.868)",7.0,54.85,370.4,0.0,0.0
3893,5,0.3743,1,0,1,0.3743,0.4535,0.8533,1,"tenure (increases churn risk, SHAP=1.206)","Contract_Two year (increases churn risk, SHAP=0.687)","TotalCharges (increases churn risk, SHAP=0.645)",24.0,94.1,2322.85,0.0,0.0
5008,7,0.2428,1,1,0,0.2428,0.588,0.8523,1,"Contract_Two year (increases churn risk, SHAP=1.066)","tenure (increases churn risk, SHAP=0.800)","TotalCharges (increases churn risk, SHAP=0.687)",11.0,95.0,1120.3,0.0,0.0
5534,7,0.2234,1,1,0,0.2234,0.6078,0.8515,1,"tenure (increases churn risk, SHAP=0.993)","StreamingTV_Yes (decreases churn risk, SHAP=-0.880)","Contract_Two year (increases churn risk, SHAP=0.644)",7.0,94.7,673.1,0.0,0.0
5565,7,0.0641,0,0,0,0.0641,0.779,0.8506,1,"MonthlyCharges (decreases churn risk, SHAP=-1.606)","tenure (increases churn risk, SHAP=1.372)","Contract_Two year (increases churn risk, SHAP=0.831)",6.0,59.15,336.7,0.0,0.0
3879,5,0.3401,1,1,0,0.3401,0.4844,0.8492,1,"tenure (increases churn risk, SHAP=1.191)","Contract_Two year (increases churn risk, SHAP=0.974)","TotalCharges (increases churn risk, SHAP=0.565)",24.0,96.0,2122.45,0.0,0.0
4514,6,0.2827,1,1,0,0.2827,0.5422,0.8479,1,"tenure (increases churn risk, SHAP=0.866)","TotalCharges (increases churn risk, SHAP=0.728)","Contract_Two year (increases churn risk, SHAP=0.673)",16.0,96.4,1581.2,0.0,0.0
4531,6,0.2827,1,1,0,0.2827,0.5422,0.8479,1,"tenure (increases churn risk, SHAP=0.866)","TotalCharges (increases churn risk, SHAP=0.728)","Contract_Two year (increases churn risk, SHAP=0.673)",16.0,96.15,1529.2,0.0,0.0
3831,5,0.364,1,1,0,0.364,0.4588,0.8479,1,"tenure (increases churn risk, SHAP=1.126)","Contract_Two year (increases churn risk, SHAP=1.026)","OnlineSecurity_Yes (increases churn risk, SHAP=0.601)",25.0,95.9,2448.75,0.0,0.0
4869,6,0.3371,1,0,1,0.3371,0.4858,0.8475,1,"tenure (increases churn risk, SHAP=1.332)","PaymentMethod_Electronic check (increases churn risk, SHAP=1.203)","MonthlyCharges (decreases churn risk, SHAP=-1.014)",12.0,89.55,1021.75,0.0,0.0
5373,7,0.3181,1,1,0,0.3181,0.5051,0.8474,1,"Contract_Two year (increases churn risk, SHAP=0.951)","tenure (increases churn risk, SHAP=0.862)","TotalCharges (increases churn risk, SHAP=0.710)",8.0,94.45,742.95,0.0,0.0
5317,7,0.3624,1,0,1,0.3624,0.46,0.8474,1,"tenure (increases churn risk, SHAP=0.851)","Contract_Two year (increases churn risk, SHAP=0.839)","OnlineSecurity_Yes (increases churn risk, SHAP=0.645)",8.0,94.75,759.55,0.0,0.0
5146,7,0.3044,1,1,0,0.3044,0.5191,0.8472,1,"PaymentMethod_Electronic check (increases churn risk, SHAP=1.188)","MonthlyCharges (decreases churn risk, SHAP=-1.096)","tenure (increases churn risk, SHAP=1.001)",10.0,85.6,813.85,0.0,0.0
5564,7,0.3044,1,1,0,0.3044,0.5191,0.8472,1,"PaymentMethod_Electronic check (increases churn risk, SHAP=1.188)","MonthlyCharges (decreases churn risk, SHAP=-1.096)","tenure (increases churn risk, SHAP=1.001)",6.0,82.85,460.25,0.0,0.0
4835,6,0.2416,1,1,0,0.2416,0.5824,0.8451,1,"StreamingTV_Yes (decreases churn risk, SHAP=-2.249)","tenure (increases churn risk, SHAP=1.418)","MonthlyCharges (decreases churn risk, SHAP=-1.354)",13.0,80.85,1008.7,0.0,0.0
5475,7,0.2209,1,1,0,0.2209,0.6035,0.8444,1,"tenure (increases churn risk, SHAP=1.583)","MonthlyCharges (decreases churn risk, SHAP=-1.449)","Contract_Two year (increases churn risk, SHAP=0.960)",7.0,89.35,631.85,0.0,0.0
4497,6,0.255,1,1,0,0.255,0.5656,0.8422,1,"Contract_Two year (increases churn risk, SHAP=0.960)","tenure (increases churn risk, SHAP=0.854)","TotalCharges (increases churn risk, SHAP=0.661)",16.0,94.45,1511.2,0.0,0.0
5608,7,0.2955,1,0,1,0.2955,0.5212,0.8398,1,"PaymentMethod_Electronic check (increases churn risk, SHAP=1.206)","tenure (increases churn risk, SHAP=1.111)","Contract_Two year (increases churn risk, SHAP=1.058)",6.0,89.75,552.65,0.0,0.0
4446,6,0.3382,1,1,0,0.3382,0.4769,0.8394,1,"tenure (increases churn risk, SHAP=0.865)","OnlineSecurity_Yes (increases churn risk, SHAP=0.595)","Contract_Two year (increases churn risk, SHAP=0.542)",17.0,92.55,1515.1,0.0,0.0
4100,5,0.2799,1,1,0,0.2799,0.5364,0.8388,1,"tenure (increases churn risk, SHAP=1.194)","TechSupport_Yes (decreases churn risk, SHAP=-0.801)","Contract_Two year (increases churn risk, SHAP=0.698)",22.0,101.35,2317.1,0.0,0.0
4893,6,0.3136,1,0,1,0.3136,0.4989,0.836,1,"tenure (increases churn risk, SHAP=1.282)","Contract_Two year (increases churn risk, SHAP=0.797)","TotalCharges (increases churn risk, SHAP=0.734)",12.0,95.7,1184.0,0.0,1.0
4057,5,0.3672,1,0,1,0.3672,0.4443,0.836,1,"tenure (increases churn risk, SHAP=1.178)","Contract_Two year (increases churn risk, SHAP=0.817)","OnlineSecurity_Yes (increases churn risk, SHAP=0.568)",22.0,100.65,2415.95,0.0,0.0
4243,6,0.1466,1,0,1,0.1466,0.6742,0.8356,1,"MonthlyCharges (decreases churn risk, SHAP=-1.813)","tenure (increases churn risk, SHAP=1.260)","Contract_Two year (increases churn risk, SHAP=0.933)",19.0,69.6,1394.55,0.0,0.0
3996,5,0.3723,1,0,1,0.3723,0.4367,0.8335,1,"PaymentMethod_Electronic check (increases churn risk, SHAP=1.364)","Contract_Two year (increases churn risk, SHAP=1.009)","tenure (increases churn risk, SHAP=0.758)",23.0,90.45,2117.25,0.0,0.0
4289,6,0.3618,1,1,0,0.3618,0.4471,0.8332,1,"tenure (increases churn risk, SHAP=1.042)","Contract_Two year (increases churn risk, SHAP=0.993)","TotalCharges (increases churn risk, SHAP=0.639)",19.0,95.9,1777.9,0.0,0.0
4697,6,0.3742,1,1,0,0.3742,0.4335,0.832,1,"PaymentMethod_Electronic check (increases churn risk, SHAP=1.686)","tenure (increases churn risk, SHAP=1.120)","Contract_Two year (increases churn risk, SHAP=0.791)",14.0,50.75,712.75,0.0,0.0
4413,6,0.3504,1,0,1,0.3504,0.4555,0.8298,1,"TotalCharges (increases churn risk, SHAP=0.675)","tenure (increases churn risk, SHAP=0.611)","Contract_Two year (increases churn risk, SHAP=0.527)",17.0,92.55,1614.7,0.0,0.0
4777,6,0.2868,1,1,0,0.2868,0.5191,0.8282,1,"tenure (increases churn risk, SHAP=0.866)","TotalCharges (increases churn risk, SHAP=0.728)","Contract_Two year (increases churn risk, SHAP=0.666)",13.0,95.05,1290.0,0.0,0.0
4805,6,0.3346,1,1,0,0.3346,0.4691,0.8273,1,"PaymentMethod_Electronic check (increases churn risk, SHAP=1.383)","tenure (increases churn risk, SHAP=1.310)","Contract_Two year (increases churn risk, SHAP=1.091)",13.0,83.2,1060.6,0.0,0.0
4127,5,0.3531,1,1,0,0.3531,0.4495,0.8264,1,"tenure (increases churn risk, SHAP=0.866)","TotalCharges (increases churn risk, SHAP=0.728)","Contract_Two year (increases churn risk, SHAP=0.673)",21.0,94.25,1973.75,0.0,0.0
4857,6,0.3467,1,1,0,0.3467,0.4544,0.8248,1,"PaymentMethod_Electronic check (increases churn risk, SHAP=1.201)","Contract_Two year (increases churn risk, SHAP=1.094)","tenure (increases churn risk, SHAP=0.926)",12.0,91.3,1094.5,0.0,0.0
4593,6,0.348,1,1,0,0.348,0.453,0.8247,1,"tenure (increases churn risk, SHAP=1.222)","Contract_Two year (increases churn risk, SHAP=0.993)","PaymentMethod_Electronic check (increases churn risk, SHAP=0.455)",15.0,101.35,1553.95,0.0,0.0
3327,4,0.3527,1,0,1,0.3527,0.4481,0.8245,1,"Contract_Two year (increases churn risk, SHAP=0.878)","MonthlyCharges (increases churn risk, SHAP=0.749)","PaymentMethod_Mailed check (decreases churn risk, SHAP=-0.697)",32.0,93.95,2861.45,0.0,0.0
4595,6,0.3063,1,0,1,0.3063,0.4936,0.8226,1,"Contract_Two year (increases churn risk, SHAP=0.934)","TotalCharges (increases churn risk, SHAP=0.606)","tenure (increases churn risk, SHAP=0.557)",15.0,94.65,1285.05,0.0,0.0
4657,6,0.3003,1,0,1,0.3003,0.4965,0.8192,1,"tenure (increases churn risk, SHAP=1.328)","PaymentMethod_Electronic check (increases churn risk, SHAP=1.318)","Contract_Two year (increases churn risk, SHAP=1.025)",15.0,85.3,1219.85,0.0,0.0
3887,5,0.3664,1,0,1,0.3664,0.4285,0.8184,1,"tenure (increases churn risk, SHAP=1.220)","MonthlyCharges (increases churn risk, SHAP=0.840)","Contract_Two year (increases churn risk, SHAP=0.804)",24.0,99.65,2404.85,0.0,0.0
4883,6,0.3716,1,1,0,0.3716,0.4214,0.8164,1,"tenure (increases churn risk, SHAP=1.077)","Contract_Two year (increases churn risk, SHAP=0.729)","OnlineSecurity_Yes (increases churn risk, SHAP=0.449)",12.0,99.45,1200.15,0.0,0.0
4468,6,0.37,1,0,1,0.37,0.4214,0.8148,1,"Contract_Two year (increases churn risk, SHAP=1.266)","MonthlyCharges (increases churn risk, SHAP=1.171)","tenure (increases churn risk, SHAP=1.007)",17.0,101.8,1752.45,0.0,0.0
4877,6,0.2087,1,1,0,0.2087,0.5846,0.8116,1,"tenure (increases churn risk, SHAP=1.009)","Contract_Two year (increases churn risk, SHAP=0.941)","MultipleLines_Yes (decreases churn risk, SHAP=-0.828)",12.0,98.9,1120.95,0.0,0.0
4584,6,0.2878,1,0,1,0.2878,0.5018,0.8113,1,"tenure (increases churn risk, SHAP=0.997)","Contract_Two year (increases churn risk, SHAP=0.773)","OnlineSecurity_Yes (increases churn risk, SHAP=0.519)",15.0,100.15,1415.0,0.0,0.0
4171,5,0.3687,1,1,0,0.3687,0.4188,0.8107,1,"tenure (increases churn risk, SHAP=0.716)","TotalCharges (increases churn risk, SHAP=0.584)","Contract_Two year (increases churn risk, SHAP=0.578)",20.0,94.55,1899.65,0.0,0.0
4320,6,0.2297,1,1,0,0.2297,0.559,0.8079,1,"tenure (increases churn risk, SHAP=0.971)","TechSupport_Yes (decreases churn risk, SHAP=-0.735)","OnlineSecurity_Yes (decreases churn risk, SHAP=-0.681)",18.0,99.4,1742.95,0.0,0.0
4074,5,0.3517,1,0,1,0.3517,0.4328,0.8073,1,"PaymentMethod_Electronic check (increases churn risk, SHAP=1.624)","tenure (increases churn risk, SHAP=0.895)","Contract_Two year (increases churn risk, SHAP=0.805)",22.0,50.35,1098.85,0.0,0.0
3919,5,0.3734,1,1,0,0.3734,0.4102,0.8065,1,"tenure (increases churn risk, SHAP=1.017)","Contract_Two year (increases churn risk, SHAP=0.833)","OnlineSecurity_Yes (increases churn risk, SHAP=0.457)",24.0,101.25,2440.15,0.0,0.0
3569,5,0.2947,1,1,0,0.2947,0.4898,0.8061,1,"tenure (increases churn risk, SHAP=1.386)","StreamingTV_Yes (decreases churn risk, SHAP=-0.824)","TechSupport_Yes (decreases churn risk, SHAP=-0.786)",28.0,94.5,2659.4,0.0,0.0
4847,6,0.3222,1,0,1,0.3222,0.4604,0.8048,1,"PaymentMethod_Electronic check (increases churn risk, SHAP=1.641)","tenure (increases churn risk, SHAP=1.077)","Contract_Two year (increases churn risk, SHAP=1.061)",13.0,59.9,788.35,0.0,0.0
4218,5,0.326,1,0,1,0.326,0.4561,0.8044,1,"tenure (increases churn risk, SHAP=1.558)","MonthlyCharges (decreases churn risk, SHAP=-1.018)","Contract_Two year (increases churn risk, SHAP=0.960)",20.0,90.7,1781.35,0.0,0.0
4524,6,0.2802,1,0,1,0.2802,0.5013,0.8026,1,"Contract_Two year (increases churn risk, SHAP=0.899)","tenure (increases churn risk, SHAP=0.712)","OnlineSecurity_Yes (increases churn risk, SHAP=0.624)",16.0,94.65,1461.15,0.0,0.0
4664,6,0.187,1,0,1,0.187,0.5982,0.802,1,"tenure (increases churn risk, SHAP=1.023)","MonthlyCharges (increases churn risk, SHAP=0.966)","MultipleLines_Yes (decreases churn risk, SHAP=-0.824)",15.0,101.9,1667.25,0.0,1.0
3939,5,0.3567,1,1,0,0.3567,0.4227,0.802,1,"MonthlyCharges (increases churn risk, SHAP=1.467)","tenure (increases churn risk, SHAP=1.090)","PaymentMethod_Mailed check (decreases churn risk, SHAP=-0.826)",23.0,104.05,2470.1,0.0,0.0
4583,6,0.2432,1,1,0,0.2432,0.5373,0.8001,1,"PaymentMethod_Electronic check (increases churn risk, SHAP=1.304)","MonthlyCharges (decreases churn risk, SHAP=-0.956)","tenure (increases churn risk, SHAP=0.875)",15.0,88.15,1390.6,0.0,0.0
4452,6,0.3325,1,0,1,0.3325,0.4449,0.7996,1,"tenure (increases churn risk, SHAP=0.847)","TotalCharges (increases churn risk, SHAP=0.744)","OnlineSecurity_Yes (increases churn risk, SHAP=0.574)",17.0,92.6,1579.7,0.0,0.0
4399,6,0.2956,1,1,0,0.2956,0.4825,0.7995,1,"tenure (increases churn risk, SHAP=1.585)","MonthlyCharges (decreases churn risk, SHAP=-1.311)","Contract_Two year (increases churn risk, SHAP=0.882)",18.0,82.0,1425.45,0.0,1.0
3375,4,0.3645,1,0,1,0.3645,0.4112,0.7982,1,"tenure (increases churn risk, SHAP=1.136)","Contract_Two year (increases churn risk, SHAP=1.093)","OnlineSecurity_Yes (increases churn risk, SHAP=0.639)",31.0,94.5,2979.2,0.0,0.0
3311,4,0.3273,1,0,1,0.3273,0.4484,0.7977,1,"PaymentMethod_Electronic check (increases churn risk, SHAP=1.313)","Contract_Two year (increases churn risk, SHAP=1.038)","tenure (increases churn risk, SHAP=0.943)",32.0,90.95,2897.95,0.0,0.0
4787,6,0.2059,1,1,0,0.2059,0.5738,0.7975,1,"tenure (increases churn risk, SHAP=0.872)","Contract_Two year (increases churn risk, SHAP=0.682)","TechSupport_Yes (decreases churn risk, SHAP=-0.622)",13.0,100.8,1308.1,0.0,0.0
4009,5,0.3475,1,0,1,0.3475,0.426,0.7957,1,"tenure (increases churn risk, SHAP=1.026)","TotalCharges (increases churn risk, SHAP=0.716)","Contract_Two year (increases churn risk, SHAP=0.643)",23.0,93.5,2341.55,0.0,0.0
3261,4,0.3566,1,0,1,0.3566,0.4168,0.7957,1,"PaymentMethod_Electronic check (increases churn risk, SHAP=1.304)","tenure (increases churn risk, SHAP=0.939)","Contract_Two year (increases churn risk, SHAP=0.908)",33.0,91.25,2964.05,0.0,0.0
4332,6,0.2521,1,0,1,0.2521,0.5203,0.7921,1,"tenure (increases churn risk, SHAP=1.617)","MonthlyCharges (decreases churn risk, SHAP=-1.149)","Contract_Two year (increases churn risk, SHAP=0.765)",18.0,89.6,1633.0,0.0,1.0
3114,4,0.3727,1,1,0,0.3727,0.3966,0.7915,1,"tenure (increases churn risk, SHAP=1.046)","Contract_Two year (increases churn risk, SHAP=0.717)","TotalCharges (increases churn risk, SHAP=0.658)",35.0,95.45,3474.05,0.0,0.0
4506,6,0.2673,1,1,0,0.2673,0.5032,0.7907,1,"PaymentMethod_Electronic check (increases churn risk, SHAP=1.441)","tenure (increases churn risk, SHAP=0.692)","Contract_Two year (increases churn risk, SHAP=0.627)",16.0,49.95,810.2,0.0,0.0
3596,5,0.3281,1,0,1,0.3281,0.4409,0.7907,1,"tenure (increases churn risk, SHAP=1.280)","Contract_Two year (increases churn risk, SHAP=0.624)","Contract_One year (decreases churn risk, SHAP=-0.514)",28.0,100.2,2688.45,0.0,1.0
4714,6,0.3334,1,0,1,0.3334,0.4345,0.7896,1,"PaymentMethod_Electronic check (increases churn risk, SHAP=1.512)","tenure (increases churn risk, SHAP=1.238)","Contract_Two year (increases churn risk, SHAP=0.817)",14.0,55.0,771.95,0.0,0.0
3873,5,0.3665,1,0,1,0.3665,0.3994,0.7879,1,"tenure (increases churn risk, SHAP=0.877)","OnlineSecurity_Yes (increases churn risk, SHAP=0.619)","TotalCharges (increases churn risk, SHAP=0.579)",24.0,93.0,2248.05,0.0,0.0
4596,6,0.3317,1,0,1,0.3317,0.434,0.7873,1,"tenure (increases churn risk, SHAP=1.035)","Contract_Two year (increases churn risk, SHAP=0.928)","TotalCharges (increases churn risk, SHAP=0.698)",15.0,94.0,1505.45,0.0,0.0
3269,4,0.3618,1,1,0,0.3618,0.4033,0.787,1,"tenure (increases churn risk, SHAP=1.093)","Contract_Two year (increases churn risk, SHAP=0.705)","TotalCharges (increases churn risk, SHAP=0.642)",32.0,96.15,3019.25,0.0,0.0
2833,4,0.3682,1,1,0,0.3682,0.3963,0.7864,1,"tenure (increases churn risk, SHAP=1.072)","Contract_Two year (increases churn risk, SHAP=0.705)","TotalCharges (increases churn risk, SHAP=0.643)",39.0,95.65,3759.05,0.0,0.0
4296,6,0.3197,1,1,0,0.3197,0.4442,0.7851,1,"PaymentMethod_Electronic check (increases churn risk, SHAP=1.267)","Contract_Two year (increases churn risk, SHAP=1.141)","tenure (increases churn risk, SHAP=1.116)",19.0,88.2,1775.8,0.0,0.0
4136,5,0.3464,1,0,1,0.3464,0.4128,0.7807,1,"tenure (increases churn risk, SHAP=0.772)","TotalCharges (increases churn risk, SHAP=0.630)","OnlineSecurity_Yes (increases churn risk, SHAP=0.558)",21.0,94.3,1948.35,0.0,0.0
4000,5,0.3528,1,1,0,0.3528,0.4044,0.7787,1,"tenure (increases churn risk, SHAP=1.305)","PaymentMethod_Electronic check (increases churn risk, SHAP=1.103)","Contract_Two year (increases churn risk, SHAP=0.992)",23.0,90.6,1943.2,0.0,0.0
3995,5,0.3257,1,1,0,0.3257,0.4299,0.7766,1,"Contract_Two year (increases churn risk, SHAP=1.066)","tenure (increases churn risk, SHAP=0.800)","TotalCharges (increases churn risk, SHAP=0.687)",23.0,94.75,2293.6,0.0,0.0
3318,4,0.3358,1,1,0,0.3358,0.4197,0.7766,1,"tenure (increases churn risk, SHAP=1.191)","Contract_Two year (increases churn risk, SHAP=0.980)","TotalCharges (increases churn risk, SHAP=0.565)",32.0,96.2,3183.4,0.0,0.0
4138,5,0.3585,1,1,0,0.3585,0.395,0.7747,1,"tenure (increases churn risk, SHAP=1.021)","Contract_Two year (increases churn risk, SHAP=0.995)","TotalCharges (increases churn risk, SHAP=0.646)",21.0,96.8,2030.3,0.0,0.0
4391,6,0.3491,1,0,1,0.3491,0.4037,0.774,1,"tenure (increases churn risk, SHAP=1.207)","Contract_Two year (increases churn risk, SHAP=1.032)","MonthlyCharges (increases churn risk, SHAP=0.894)",18.0,101.3,1794.65,0.0,0.0
4085,5,0.2518,1,1,0,0.2518,0.5031,0.7738,1,"PaymentMethod_Electronic check (increases churn risk, SHAP=1.318)","tenure (increases churn risk, SHAP=1.125)","Contract_Two year (increases churn risk, SHAP=1.003)",22.0,89.25,1907.85,0.0,0.0
4871,6,0.2403,1,1,0,0.2403,0.5145,0.7733,1,"PaymentMethod_Electronic check (increases churn risk, SHAP=1.314)","tenure (increases churn risk, SHAP=1.282)","Contract_Two year (increases churn risk, SHAP=0.715)",12.0,59.8,727.8,0.0,1.0
4360,6,0.3442,1,0,1,0.3442,0.4078,0.7731,1,"tenure (increases churn risk, SHAP=1.190)","TotalCharges (increases churn risk, SHAP=0.752)","MonthlyCharges (increases churn risk, SHAP=0.638)",18.0,93.9,1743.9,0.0,0.0
4851,6,0.3062,1,1,0,0.3062,0.4463,0.773,1,"Contract_Two year (increases churn risk, SHAP=0.799)","PaymentMethod_Mailed check (decreases churn risk, SHAP=-0.716)","tenure (increases churn risk, SHAP=0.674)",13.0,96.65,1162.85,0.0,0.0
3117,4,0.3167,1,0,1,0.3167,0.4352,0.7725,1,"tenure (increases churn risk, SHAP=1.213)","TotalCharges (increases churn risk, SHAP=0.824)","Contract_Two year (increases churn risk, SHAP=0.745)",35.0,96.75,3403.4,0.0,0.0
4502,6,0.2919,1,1,0,0.2919,0.4603,0.7724,1,"tenure (increases churn risk, SHAP=0.757)","Contract_Two year (increases churn risk, SHAP=0.634)","OnlineSecurity_Yes (increases churn risk, SHAP=0.566)",16.0,100.0,1534.75,0.0,0.0
2605,3,0.328,1,0,1,0.328,0.4229,0.7718,1,"tenure (increases churn risk, SHAP=1.166)","PaymentMethod_Mailed check (decreases churn risk, SHAP=-0.793)","TotalCharges (increases churn risk, SHAP=0.792)",43.0,94.35,3921.3,0.0,1.0
4190,5,0.3024,1,0,1,0.3024,0.4485,0.7713,1,"tenure (increases churn risk, SHAP=1.327)","PaymentMethod_Electronic check (increases churn risk, SHAP=1.318)","Contract_Two year (increases churn risk, SHAP=1.022)",20.0,78.8,1641.3,0.0,0.0
4165,5,0.3279,1,0,1,0.3279,0.4222,0.7708,1,"PaymentMethod_Electronic check (increases churn risk, SHAP=1.197)","tenure (increases churn risk, SHAP=1.171)","Contract_Two year (increases churn risk, SHAP=1.014)",20.0,84.35,1745.2,0.0,0.0
4107,5,0.1991,1,0,1,0.1991,0.5525,0.7681,1,"MonthlyCharges (increases churn risk, SHAP=1.171)","tenure (increases churn risk, SHAP=1.034)","PaymentMethod_Mailed check (decreases churn risk, SHAP=-0.806)",21.0,103.85,2215.0,0.0,0.0
3001,4,0.3716,1,0,1,0.3716,0.3753,0.7679,1,"tenure (increases churn risk, SHAP=1.126)","Contract_Two year (increases churn risk, SHAP=1.026)","OnlineSecurity_Yes (increases churn risk, SHAP=0.601)",36.0,94.7,3512.5,0.0,0.0
3463,4,0.3146,1,0,1,0.3146,0.4329,0.7679,1,"tenure (increases churn risk, SHAP=1.204)","Contract_Two year (increases churn risk, SHAP=0.959)","TotalCharges (increases churn risk, SHAP=0.624)",30.0,97.0,3021.3,0.0,1.0
4732,6,0.2835,1,0,1,0.2835,0.463,0.7662,1,"tenure (increases churn risk, SHAP=0.600)","TotalCharges (increases churn risk, SHAP=0.546)","Contract_Two year (increases churn risk, SHAP=0.522)",14.0,95.8,1346.3,0.0,0.0
4424,6,0.1747,1,0,1,0.1747,0.5759,0.7657,1,"MonthlyCharges (decreases churn risk, SHAP=-1.273)","PaymentMethod_Electronic check (decreases churn risk, SHAP=-0.899)","Contract_Two year (increases churn risk, SHAP=0.822)",17.0,49.8,836.35,0.0,0.0
3646,5,0.344,1,0,1,0.344,0.3997,0.7643,1,"tenure (increases churn risk, SHAP=1.349)","Contract_Two year (increases churn risk, SHAP=0.572)","Partner (increases churn risk, SHAP=0.510)",27.0,100.5,2673.45,0.0,1.0
4674,6,0.0912,0,1,1,0.0912,0.6638,0.764,1,"MonthlyCharges (decreases churn risk, SHAP=-1.620)","Contract_Two year (increases churn risk, SHAP=1.057)","tenure (increases churn risk, SHAP=0.980)",14.0,89.8,1129.1,0.0,0.0
4700,6,0.3172,1,1,0,0.3172,0.4247,0.7621,1,"Contract_Two year (increases churn risk, SHAP=0.650)","tenure (increases churn risk, SHAP=0.597)","OnlineSecurity_Yes (increases churn risk, SHAP=0.469)",14.0,100.2,1369.8,0.0,0.0
4515,6,0.2645,1,1,0,0.2645,0.4782,0.7617,1,"PaymentMethod_Electronic check (increases churn risk, SHAP=1.197)","tenure (increases churn risk, SHAP=1.006)","Contract_Two year (increases churn risk, SHAP=0.970)",16.0,84.75,1350.15,0.0,0.0
3475,4,0.3577,1,0,1,0.3577,0.3826,0.7608,1,"tenure (increases churn risk, SHAP=1.191)","Contract_Two year (increases churn risk, SHAP=0.974)","TotalCharges (increases churn risk, SHAP=0.577)",29.0,94.2,2607.6,0.0,0.0
4182,5,0.3371,1,1,0,0.3371,0.402,0.7595,1,"tenure (increases churn risk, SHAP=1.332)","PaymentMethod_Electronic check (increases churn risk, SHAP=1.203)","MonthlyCharges (decreases churn risk, SHAP=-1.014)",20.0,88.7,1761.45,0.0,0.0
4400,6,0.2563,1,1,0,0.2563,0.4844,0.7593,1,"PaymentMethod_Electronic check (increases churn risk, SHAP=1.203)","tenure (increases churn risk, SHAP=1.166)","MonthlyCharges (decreases churn risk, SHAP=-1.010)",18.0,85.2,1553.9,0.0,0.0
3683,5,0.1611,1,0,1,0.1611,0.5831,0.7583,1,"MonthlyCharges (decreases churn risk, SHAP=-1.659)","tenure (increases churn risk, SHAP=1.288)","Contract_Two year (increases churn risk, SHAP=0.927)",26.0,75.0,1908.35,0.0,1.0
4315,6,0.2792,1,1,0,0.2792,0.4594,0.7578,1,"PaymentMethod_Mailed check (decreases churn risk, SHAP=-0.745)","Contract_Two year (increases churn risk, SHAP=0.738)","MonthlyCharges (increases churn risk, SHAP=0.733)",18.0,95.15,1779.95,0.0,0.0
4118,5,0.2378,1,0,1,0.2378,0.5003,0.756,1,"StreamingTV_Yes (decreases churn risk, SHAP=-2.249)","tenure (increases churn risk, SHAP=1.440)","MonthlyCharges (decreases churn risk, SHAP=-1.436)",21.0,84.1,1737.45,0.0,0.0
3734,5,0.2378,1,1,0,0.2378,0.5003,0.756,1,"StreamingTV_Yes (decreases churn risk, SHAP=-2.249)","tenure (increases churn risk, SHAP=1.440)","MonthlyCharges (decreases churn risk, SHAP=-1.436)",26.0,83.95,2254.2,0.0,0.0
3743,5,0.2559,1,1,0,0.2559,0.4809,0.7553,1,"MonthlyCharges (decreases churn risk, SHAP=-1.098)","PaymentMethod_Electronic check (increases churn risk, SHAP=0.922)","Contract_Two year (increases churn risk, SHAP=0.921)",26.0,90.8,2361.8,0.0,0.0
3344,4,0.3699,1,0,1,0.3699,0.3648,0.7549,1,"PaymentMethod_Electronic check (increases churn risk, SHAP=1.201)","Contract_Two year (increases churn risk, SHAP=1.138)","tenure (increases churn risk, SHAP=1.091)",31.0,90.7,2845.15,0.0,0.0
2609,3,0.2621,1,1,0,0.2621,0.4731,0.7538,1,"MonthlyCharges (decreases churn risk, SHAP=-1.594)","Contract_Two year (increases churn risk, SHAP=1.094)","tenure (increases churn risk, SHAP=0.955)",43.0,89.55,3856.75,0.0,0.0
4879,6,0.0779,0,0,0,0.0779,0.6675,0.7532,1,"MonthlyCharges (decreases churn risk, SHAP=-1.655)","tenure (increases churn risk, SHAP=1.104)","Contract_Two year (increases churn risk, SHAP=0.797)",12.0,75.85,854.45,0.0,1.0
4830,6,0.1471,1,1,0,0.1471,0.5928,0.7529,1,"tenure (increases churn risk, SHAP=1.041)","TechSupport_Yes (decreases churn risk, SHAP=-0.824)","Contract_Two year (increases churn risk, SHAP=0.658)",13.0,100.35,1358.85,0.0,0.0
4284,6,0.274,1,0,1,0.274,0.46,0.7529,1,"TotalCharges (increases churn risk, SHAP=0.654)","tenure (increases churn risk, SHAP=0.611)","Contract_Two year (increases churn risk, SHAP=0.527)",19.0,94.95,1760.25,0.0,0.0
3894,5,0.1465,1,0,1,0.1465,0.5929,0.7524,1,"MonthlyCharges (decreases churn risk, SHAP=-1.443)","tenure (increases churn risk, SHAP=0.938)","PaymentMethod_Mailed check (decreases churn risk, SHAP=-0.791)",24.0,50.6,1288.75,0.0,1.0
4044,5,0.2772,1,1,0,0.2772,0.4562,0.7523,1,"tenure (increases churn risk, SHAP=1.250)","MonthlyCharges (decreases churn risk, SHAP=-1.180)","Contract_Two year (increases churn risk, SHAP=1.002)",22.0,90.5,1910.6,0.0,0.0
4295,6,0.207,1,0,1,0.207,0.527,0.7504,1,"MonthlyCharges (decreases churn risk, SHAP=-1.648)","tenure (increases churn risk, SHAP=1.360)","Contract_Two year (increases churn risk, SHAP=1.104)",19.0,78.7,1495.1,0.0,0.0
3941,5,0.2259,1,0,1,0.2259,0.507,0.7501,1,"MonthlyCharges (decreases churn risk, SHAP=-1.483)","tenure (increases churn risk, SHAP=1.336)","PaymentMethod_Electronic check (decreases churn risk, SHAP=-0.849)",23.0,64.9,1509.8,0.0,1.0
3710,5,0.3445,1,1,0,0.3445,0.3846,0.7489,1,"PaymentMethod_Electronic check (increases churn risk, SHAP=1.322)","tenure (increases churn risk, SHAP=1.273)","Contract_Two year (increases churn risk, SHAP=1.149)",26.0,89.8,2335.3,0.0,0.0
4540,6,0.1095,0,1,1,0.1095,0.6285,0.7483,1,"tenure (increases churn risk, SHAP=1.691)","MonthlyCharges (decreases churn risk, SHAP=-1.527)","StreamingTV_Yes (decreases churn risk, SHAP=-1.361)",16.0,89.05,1448.6,0.0,0.0
4812,6,0.3311,1,0,1,0.3311,0.3972,0.7481,1,"PaymentMethod_Electronic check (increases churn risk, SHAP=1.686)","tenure (increases churn risk, SHAP=0.973)","Contract_Two year (increases churn risk, SHAP=0.684)",13.0,49.15,649.4,0.0,0.0
2991,4,0.3497,1,0,1,0.3497,0.3772,0.7467,1,"tenure (increases churn risk, SHAP=1.156)","Contract_Two year (increases churn risk, SHAP=1.080)","OnlineSecurity_Yes (increases churn risk, SHAP=0.586)",37.0,96.1,3646.8,0.0,0.0
3692,5,0.3133,1,0,1,0.3133,0.4137,0.7464,1,"PaymentMethod_Electronic check (increases churn risk, SHAP=1.322)","tenure (increases churn risk, SHAP=1.254)","Contract_Two year (increases churn risk, SHAP=1.207)",26.0,85.75,2146.5,0.0,0.0
3838,5,0.3504,1,1,0,0.3504,0.376,0.7462,1,"TotalCharges (increases churn risk, SHAP=0.667)","tenure (increases churn risk, SHAP=0.611)","Contract_Two year (increases churn risk, SHAP=0.527)",24.0,93.55,2264.05,0.0,0.0
2795,3,0.3632,1,0,1,0.3632,0.3633,0.7462,1,"MonthlyCharges (increases churn risk, SHAP=1.520)","tenure (increases churn risk, SHAP=1.058)","Contract_Two year (increases churn risk, SHAP=0.927)",40.0,102.65,4108.15,0.0,0.0
3916,5,0.2374,1,1,0,0.2374,0.4905,0.7454,1,"MonthlyCharges (decreases churn risk, SHAP=-1.592)","tenure (increases churn risk, SHAP=1.263)","Contract_Two year (increases churn risk, SHAP=0.975)",24.0,89.85,2165.05,0.0,0.0
3680,5,0.369,1,1,0,0.369,0.3567,0.7454,1,"tenure (increases churn risk, SHAP=1.211)","Contract_Two year (increases churn risk, SHAP=0.706)","OnlineSecurity_Yes (increases churn risk, SHAP=0.560)",26.0,98.35,2515.3,0.0,0.0
2894,4,0.3732,1,0,1,0.3732,0.3505,0.7433,1,"tenure (increases churn risk, SHAP=1.082)","TotalCharges (increases churn risk, SHAP=0.734)","Contract_Two year (increases churn risk, SHAP=0.647)",38.0,94.75,3653.0,0.0,0.0
3437,4,0.3596,1,1,0,0.3596,0.3633,0.7425,1,"tenure (increases churn risk, SHAP=0.940)","OnlineSecurity_Yes (increases churn risk, SHAP=0.570)","TotalCharges (increases churn risk, SHAP=0.556)",30.0,94.05,2866.45,0.0,0.0
3220,4,0.3687,1,1,0,0.3687,0.3539,0.7421,1,"tenure (increases churn risk, SHAP=0.716)","TotalCharges (increases churn risk, SHAP=0.584)","Contract_Two year (increases churn risk, SHAP=0.578)",33.0,94.5,3105.55,0.0,0.0
4124,5,0.2652,1,1,0,0.2652,0.4584,0.7418,1,"tenure (increases churn risk, SHAP=1.026)","TotalCharges (increases churn risk, SHAP=0.703)","Contract_Two year (increases churn risk, SHAP=0.649)",21.0,97.35,2119.5,0.0,0.0
4354,6,0.0961,0,1,1,0.0961,0.6363,0.7416,1,"tenure (increases churn risk, SHAP=1.000)","Contract_Two year (increases churn risk, SHAP=0.942)","TotalCharges (increases churn risk, SHAP=0.697)",18.0,96.05,1740.7,0.0,0.0
3699,5,0.3439,1,0,1,0.3439,0.3781,0.7415,1,"tenure (increases churn risk, SHAP=1.222)","Contract_Two year (increases churn risk, SHAP=0.993)","PaymentMethod_Electronic check (increases churn risk, SHAP=0.452)",26.0,98.65,2537.0,0.0,0.0
4349,6,0.3488,1,1,0,0.3488,0.3721,0.7404,1,"PaymentMethod_Electronic check (increases churn risk, SHAP=1.601)","Contract_Two year (increases churn risk, SHAP=0.726)","OnlineSecurity_Yes (increases churn risk, SHAP=0.579)",18.0,48.35,810.7,0.0,0.0
4707,6,0.3085,1,1,0,0.3085,0.4115,0.739,1,"PaymentMethod_Electronic check (increases churn risk, SHAP=1.254)","MonthlyCharges (decreases churn risk, SHAP=-1.037)","tenure (increases churn risk, SHAP=1.001)",14.0,86.1,1235.55,0.0,0.0
4797,6,0.1066,0,0,0,0.1066,0.6217,0.7383,1,"MonthlyCharges (decreases churn risk, SHAP=-2.103)","tenure (increases churn risk, SHAP=1.441)","Contract_Two year (increases churn risk, SHAP=1.061)",13.0,66.4,831.75,0.0,0.0
3082,4,0.3603,1,0,1,0.3603,0.3585,0.7382,1,"PaymentMethod_Electronic check (increases churn risk, SHAP=1.621)","tenure (increases churn risk, SHAP=1.138)","Contract_Two year (increases churn risk, SHAP=0.725)",35.0,49.2,1701.65,0.0,0.0
4195,5,0.3703,1,1,0,0.3703,0.3477,0.7374,1,"tenure (increases churn risk, SHAP=1.051)","Contract_Two year (increases churn risk, SHAP=0.729)","OnlineSecurity_Yes (increases churn risk, SHAP=0.449)",20.0,98.55,1842.8,0.0,0.0
2976,4,0.3242,1,1,0,0.3242,0.3932,0.7365,1,"PaymentMethod_Electronic check (increases churn risk, SHAP=1.642)","tenure (increases churn risk, SHAP=1.086)","Contract_Two year (increases churn risk, SHAP=0.883)",37.0,64.75,2345.2,0.0,0.0
4333,6,0.1736,1,0,1,0.1736,0.5458,0.7337,1,"MonthlyCharges (decreases churn risk, SHAP=-1.538)","tenure (increases churn risk, SHAP=1.488)","Contract_Two year (increases churn risk, SHAP=0.894)",18.0,84.3,1537.9,0.0,0.0
3423,4,0.2799,1,0,1,0.2799,0.4351,0.7333,1,"tenure (increases churn risk, SHAP=1.194)","TechSupport_Yes (decreases churn risk, SHAP=-0.800)","Contract_Two year (increases churn risk, SHAP=0.698)",30.0,100.4,2936.25,0.0,0.0
3962,5,0.3115,1,0,1,0.3115,0.402,0.7322,1,"tenure (increases churn risk, SHAP=1.229)","Contract_Two year (increases churn risk, SHAP=0.863)","Partner (increases churn risk, SHAP=0.610)",23.0,99.95,2292.75,0.0,1.0
3387,4,0.3614,1,0,1,0.3614,0.351,0.7315,1,"PaymentMethod_Electronic check (increases churn risk, SHAP=1.523)","tenure (increases churn risk, SHAP=1.114)","Contract_Two year (increases churn risk, SHAP=0.665)",31.0,50.05,1523.4,0.0,1.0
3788,5,0.2411,1,1,0,0.2411,0.4719,0.7301,1,"StreamingTV_Yes (decreases churn risk, SHAP=-2.249)","tenure (increases churn risk, SHAP=1.440)","MonthlyCharges (decreases churn risk, SHAP=-1.376)",25.0,84.8,2043.45,0.0,0.0
4522,6,0.3639,1,1,0,0.3639,0.3471,0.73,1,"tenure (increases churn risk, SHAP=0.747)","Contract_Two year (increases churn risk, SHAP=0.591)","OnlineSecurity_Yes (increases churn risk, SHAP=0.498)",16.0,98.75,1587.55,0.0,0.0
4615,6,0.3595,1,1,0,0.3595,0.3515,0.7299,1,"tenure (increases churn risk, SHAP=0.907)","OnlineSecurity_Yes (increases churn risk, SHAP=0.610)","Contract_Two year (increases churn risk, SHAP=0.567)",15.0,101.1,1504.05,0.0,0.0
4789,6,0.2329,1,0,1,0.2329,0.4796,0.7293,1,"tenure (increases churn risk, SHAP=1.093)","StreamingTV_Yes (decreases churn risk, SHAP=-0.823)","MonthlyCharges (increases churn risk, SHAP=0.800)",13.0,93.8,1261.0,0.0,0.0
4375,6,0.192,1,1,0,0.192,0.5211,0.7281,1,"tenure (increases churn risk, SHAP=1.095)","Contract_Two year (increases churn risk, SHAP=0.648)","gender_Male (decreases churn risk, SHAP=-0.504)",18.0,99.85,1776.95,0.0,0.0
3415,4,0.2886,1,0,1,0.2886,0.4209,0.7277,1,"tenure (increases churn risk, SHAP=1.386)","StreamingTV_Yes (decreases churn risk, SHAP=-0.824)","TechSupport_Yes (decreases churn risk, SHAP=-0.772)",30.0,94.3,2679.7,0.0,0.0
4667,6,0.1904,1,1,0,0.1904,0.5224,0.7277,1,"Contract_Two year (increases churn risk, SHAP=0.888)","tenure (increases churn risk, SHAP=0.856)","TotalCharges (increases churn risk, SHAP=0.853)",15.0,96.3,1426.75,0.0,0.0
4156,5,0.2523,1,0,1,0.2523,0.4571,0.7267,1,"tenure (increases churn risk, SHAP=0.892)","TotalCharges (increases churn risk, SHAP=0.719)","Contract_Two year (increases churn risk, SHAP=0.661)",21.0,95.4,2025.1,0.0,0.0
4227,6,0.1438,1,0,1,0.1438,0.5705,0.7266,1,"MonthlyCharges (decreases churn risk, SHAP=-1.501)","tenure (increases churn risk, SHAP=0.997)","PaymentMethod_Mailed check (decreases churn risk, SHAP=-0.793)",20.0,54.0,1055.9,0.0,1.0
4825,6,0.3602,1,1,0,0.3602,0.3474,0.7264,1,"Contract_Two year (increases churn risk, SHAP=0.984)","tenure (increases churn risk, SHAP=0.667)","OnlineSecurity_Yes (increases churn risk, SHAP=0.584)",13.0,98.0,1237.85,0.0,0.0
4028,5,0.2141,1,0,1,0.2141,0.4955,0.7255,1,"MonthlyCharges (decreases churn risk, SHAP=-1.659)","Contract_Two year (increases churn risk, SHAP=0.983)","tenure (increases churn risk, SHAP=0.818)",22.0,89.75,1938.9,0.0,0.0
4082,5,0.3574,1,0,1,0.3574,0.3493,0.7254,1,"PaymentMethod_Electronic check (increases churn risk, SHAP=1.621)","tenure (increases churn risk, SHAP=0.955)","Contract_Two year (increases churn risk, SHAP=0.744)",22.0,50.6,1073.3,0.0,0.0
3648,5,0.2401,1,0,1,0.2401,0.4669,0.7238,1,"tenure (increases churn risk, SHAP=1.069)","TotalCharges (increases churn risk, SHAP=0.694)","Contract_Two year (increases churn risk, SHAP=0.638)",27.0,95.6,2595.25,0.0,0.0
3493,4,0.3578,1,0,1,0.3578,0.3473,0.7237,1,"PaymentMethod_Electronic check (increases churn risk, SHAP=1.672)","tenure (increases churn risk, SHAP=0.782)","OnlineSecurity_Yes (increases churn risk, SHAP=0.752)",29.0,45.9,1332.4,0.0,0.0
4224,5,0.1269,0,1,1,0.1269,0.5849,0.7229,1,"MonthlyCharges (decreases churn risk, SHAP=-1.754)","Contract_Two year (increases churn risk, SHAP=0.920)","tenure (increases churn risk, SHAP=0.816)",20.0,89.0,1820.45,0.0,0.0
4887,6,0.055,0,1,1,0.055,0.6621,0.7225,1,"MonthlyCharges (decreases churn risk, SHAP=-1.593)","tenure (increases churn risk, SHAP=1.139)","PaymentMethod_Mailed check (decreases churn risk, SHAP=-0.772)",12.0,74.05,872.65,0.0,1.0
3095,4,0.3432,1,1,0,0.3432,0.3605,0.7222,1,"MonthlyCharges (increases churn risk, SHAP=1.334)","tenure (increases churn risk, SHAP=1.269)","Contract_Two year (increases churn risk, SHAP=1.115)",35.0,102.35,3626.1,0.0,1.0
3126,4,0.2669,1,0,1,0.2669,0.4372,0.7216,1,"MonthlyCharges (decreases churn risk, SHAP=-1.419)","tenure (increases churn risk, SHAP=1.369)","Contract_Two year (increases churn risk, SHAP=0.995)",35.0,89.2,3251.3,0.0,1.0
4427,6,0.0559,0,1,1,0.0559,0.6596,0.721,1,"MonthlyCharges (decreases churn risk, SHAP=-1.865)","tenure (increases churn risk, SHAP=0.926)","Contract_Two year (increases churn risk, SHAP=0.868)",17.0,64.7,1093.1,0.0,0.0
3226,4,0.3578,1,0,1,0.3578,0.342,0.7182,1,"PaymentMethod_Electronic check (increases churn risk, SHAP=1.442)","tenure (increases churn risk, SHAP=1.082)","Contract_Two year (increases churn risk, SHAP=0.849)",33.0,54.6,1803.7,0.0,0.0
3495,4,0.3719,1,1,0,0.3719,0.3267,0.7169,1,"tenure (increases churn risk, SHAP=0.716)","TotalCharges (increases churn risk, SHAP=0.584)","Contract_Two year (increases churn risk, SHAP=0.571)",29.0,94.45,2653.65,0.0,0.0
3053,4,0.3001,1,0,1,0.3001,0.3967,0.7146,1,"tenure (increases churn risk, SHAP=1.366)","PaymentMethod_Electronic check (increases churn risk, SHAP=1.203)","MonthlyCharges (decreases churn risk, SHAP=-0.955)",35.0,83.15,2848.45,0.0,0.0
3924,5,0.281,1,1,0,0.281,0.4151,0.7136,1,"tenure (increases churn risk, SHAP=1.502)","Contract_Two year (increases churn risk, SHAP=1.122)","MonthlyCharges (decreases churn risk, SHAP=-0.924)",24.0,90.55,2282.55,0.0,0.0
3738,5,0.1901,1,0,1,0.1901,0.5088,0.7135,1,"MonthlyCharges (decreases churn risk, SHAP=-1.558)","tenure (increases churn risk, SHAP=1.378)","MultipleLines_Yes (decreases churn risk, SHAP=-0.841)",26.0,54.55,1362.85,0.0,1.0
4052,5,0.3459,1,1,0,0.3459,0.3493,0.7133,1,"tenure (increases churn risk, SHAP=0.882)","Contract_Two year (increases churn risk, SHAP=0.833)","OnlineSecurity_Yes (increases churn risk, SHAP=0.629)",22.0,94.7,1914.9,0.0,0.0
3938,5,0.3405,1,0,1,0.3405,0.3537,0.7123,1,"tenure (increases churn risk, SHAP=1.351)","Contract_Two year (increases churn risk, SHAP=0.669)","TotalCharges (increases churn risk, SHAP=0.637)",23.0,96.9,2085.45,0.0,0.0
2978,4,0.3737,1,1,0,0.3737,0.3193,0.7109,1,"tenure (increases churn risk, SHAP=0.716)","TotalCharges (increases churn risk, SHAP=0.604)","Contract_Two year (increases churn risk, SHAP=0.571)",37.0,92.5,3473.4,0.0,0.0
3039,4,0.3056,1,1,0,0.3056,0.3868,0.7102,1,"tenure (increases churn risk, SHAP=1.064)","Contract_Two year (increases churn risk, SHAP=1.033)","OnlineSecurity_Yes (decreases churn risk, SHAP=-1.002)",36.0,90.85,3186.7,0.0,0.0
3891,5,0.3696,1,1,0,0.3696,0.3225,0.71,1,"MonthlyCharges (increases churn risk, SHAP=1.566)","tenure (increases churn risk, SHAP=1.080)","Contract_Two year (increases churn risk, SHAP=0.983)",24.0,102.95,2496.7,0.0,0.0
3186,4,0.3541,1,0,1,0.3541,0.3377,0.7097,1,"tenure (increases churn risk, SHAP=1.075)","Contract_Two year (increases churn risk, SHAP=1.006)","Contract_One year (decreases churn risk, SHAP=-0.520)",34.0,99.85,3343.15,0.0,1.0
3013,4,0.3574,1,0,1,0.3574,0.3343,0.7097,1,"tenure (increases churn risk, SHAP=0.877)","OnlineSecurity_Yes (increases churn risk, SHAP=0.619)","TotalCharges (increases churn risk, SHAP=0.559)",36.0,95.4,3474.2,0.0,0.0
3806,5,0.3268,1,1,0,0.3268,0.3647,0.7093,1,"PaymentMethod_Electronic check (increases churn risk, SHAP=1.267)","Contract_Two year (increases churn risk, SHAP=1.141)","tenure (increases churn risk, SHAP=1.116)",25.0,88.95,2291.2,0.0,0.0
3817,5,0.3268,1,1,0,0.3268,0.3647,0.7093,1,"PaymentMethod_Electronic check (increases churn risk, SHAP=1.267)","Contract_Two year (increases churn risk, SHAP=1.141)","tenure (increases churn risk, SHAP=1.116)",25.0,89.5,2196.15,0.0,0.0
3832,5,0.2923,1,1,0,0.2923,0.3982,0.708,1,"tenure (increases churn risk, SHAP=0.997)","Contract_Two year (increases churn risk, SHAP=0.766)","OnlineSecurity_Yes (increases churn risk, SHAP=0.526)",25.0,100.25,2387.75,0.0,0.0
3400,4,0.3495,1,1,0,0.3495,0.3403,0.7076,1,"tenure (increases churn risk, SHAP=1.243)","MonthlyCharges (increases churn risk, SHAP=0.863)","Contract_Two year (increases churn risk, SHAP=0.850)",31.0,103.45,3066.45,0.0,1.0
3531,5,0.3619,1,0,1,0.3619,0.3262,0.7057,1,"Contract_Two year (increases churn risk, SHAP=1.116)","tenure (increases churn risk, SHAP=0.993)","MonthlyCharges (increases churn risk, SHAP=0.858)",29.0,101.45,2948.6,0.0,0.0
4083,5,0.1916,1,0,1,0.1916,0.4986,0.7046,1,"StreamingTV_Yes (decreases churn risk, SHAP=-2.235)","tenure (increases churn risk, SHAP=1.481)","MonthlyCharges (decreases churn risk, SHAP=-1.343)",22.0,83.05,1799.3,0.0,0.0
3383,4,0.3652,1,0,1,0.3652,0.3209,0.7036,1,"tenure (increases churn risk, SHAP=1.168)","Contract_Two year (increases churn risk, SHAP=1.106)","OnlineSecurity_Yes (increases churn risk, SHAP=0.637)",31.0,101.4,3143.65,0.0,0.0
2818,4,0.3296,1,1,0,0.3296,0.3558,0.703,1,"tenure (increases churn risk, SHAP=0.645)","TotalCharges (increases churn risk, SHAP=0.518)","Contract_Two year (increases churn risk, SHAP=0.517)",40.0,94.55,3640.45,0.0,0.0
4161,5,0.2458,1,0,1,0.2458,0.4399,0.7018,1,"tenure (increases churn risk, SHAP=1.061)","Contract_Two year (increases churn risk, SHAP=0.761)","MonthlyCharges (increases churn risk, SHAP=0.554)",21.0,99.85,1992.55,0.0,0.0
2832,4,0.3574,1,1,0,0.3574,0.3265,0.7014,1,"PaymentMethod_Electronic check (increases churn risk, SHAP=1.621)","tenure (increases churn risk, SHAP=0.955)","Contract_Two year (increases churn risk, SHAP=0.744)",39.0,50.75,2011.4,0.0,0.0
3240,4,0.3571,1,0,1,0.3571,0.3263,0.7009,1,"MonthlyCharges (increases churn risk, SHAP=0.749)","tenure (increases churn risk, SHAP=0.728)","Contract_Two year (increases churn risk, SHAP=0.690)",33.0,100.6,3270.25,0.0,0.0
3282,4,0.3474,1,1,0,0.3474,0.3355,0.7005,1,"TotalCharges (increases churn risk, SHAP=0.675)","tenure (increases churn risk, SHAP=0.611)","Contract_Two year (increases churn risk, SHAP=0.534)",32.0,93.2,2931.0,0.0,0.0
3048,4,0.3669,1,1,0,0.3669,0.3161,0.7003,1,"Contract_Two year (increases churn risk, SHAP=0.694)","tenure (increases churn risk, SHAP=0.677)","TotalCharges (increases churn risk, SHAP=0.537)",36.0,96.5,3436.1,0.0,0.0
3170,4,0.2803,1,0,1,0.2803,0.4031,0.7003,1,"MonthlyCharges (increases churn risk, SHAP=1.441)","tenure (increases churn risk, SHAP=1.162)","Contract_Two year (increases churn risk, SHAP=0.793)",34.0,103.8,3470.8,0.0,1.0
3184,4,0.3332,1,0,1,0.3332,0.3486,0.6993,1,"tenure (increases churn risk, SHAP=0.868)","Contract_Two year (increases churn risk, SHAP=0.606)","OnlineSecurity_Yes (increases churn risk, SHAP=0.584)",34.0,97.7,3410.0,0.0,0.0
4093,5,0.2745,1,1,0,0.2745,0.4075,0.6987,1,"tenure (increases churn risk, SHAP=1.140)","PaymentMethod_Electronic check (increases churn risk, SHAP=1.037)","Contract_Two year (increases churn risk, SHAP=0.945)",22.0,90.0,1993.8,0.0,0.0
3716,5,0.2174,1,0,1,0.2174,0.4662,0.6987,1,"tenure (increases churn risk, SHAP=1.479)","MonthlyCharges (decreases churn risk, SHAP=-1.248)","Contract_Two year (increases churn risk, SHAP=0.836)",26.0,87.15,2274.1,0.0,1.0
3293,4,0.3371,1,0,1,0.3371,0.3438,0.6982,1,"tenure (increases churn risk, SHAP=0.926)","Contract_Two year (increases churn risk, SHAP=0.666)","MonthlyCharges (increases churn risk, SHAP=0.619)",32.0,98.85,3145.9,0.0,0.0
3138,4,0.3739,1,1,0,0.3739,0.3067,0.6977,1,"tenure (increases churn risk, SHAP=1.077)","Contract_Two year (increases churn risk, SHAP=0.729)","OnlineSecurity_Yes (increases churn risk, SHAP=0.448)",35.0,101.4,3496.3,0.0,0.0
3429,4,0.3403,1,0,1,0.3403,0.3378,0.6953,1,"tenure (increases churn risk, SHAP=1.436)","Contract_Two year (increases churn risk, SHAP=0.780)","TotalCharges (increases churn risk, SHAP=0.766)",30.0,95.0,2852.4,0.0,0.0
3118,4,0.371,1,1,0,0.371,0.3067,0.6948,1,"tenure (increases churn risk, SHAP=1.077)","Contract_Two year (increases churn risk, SHAP=0.729)","OnlineSecurity_Yes (increases churn risk, SHAP=0.449)",35.0,99.05,3395.8,0.0,0.0
3016,4,0.3411,1,0,1,0.3411,0.3334,0.6915,1,"tenure (increases churn risk, SHAP=0.919)","OnlineSecurity_Yes (increases churn risk, SHAP=0.607)","TotalCharges (increases churn risk, SHAP=0.549)",36.0,95.0,3440.25,0.0,0.0
3784,5,0.3481,1,0,1,0.3481,0.3262,0.6913,1,"PaymentMethod_Electronic check (increases churn risk, SHAP=1.686)","tenure (increases churn risk, SHAP=0.955)","Contract_Two year (increases churn risk, SHAP=0.807)",25.0,48.25,1293.8,0.0,0.0
4015,5,0.2733,1,1,0,0.2733,0.4015,0.6913,1,"MonthlyCharges (decreases churn risk, SHAP=-1.557)","tenure (increases churn risk, SHAP=1.242)","Contract_Two year (increases churn risk, SHAP=1.151)",22.0,89.4,2001.5,0.0,0.0
4176,5,0.3452,1,1,0,0.3452,0.3278,0.6899,1,"PaymentMethod_Electronic check (increases churn risk, SHAP=1.183)","tenure (increases churn risk, SHAP=0.799)","Contract_Two year (increases churn risk, SHAP=0.773)",20.0,90.8,1951.0,0.0,0.0
3268,4,0.2244,1,0,1,0.2244,0.4503,0.6898,1,"MonthlyCharges (decreases churn risk, SHAP=-1.535)","tenure (increases churn risk, SHAP=1.336)","PaymentMethod_Electronic check (decreases churn risk, SHAP=-0.842)",32.0,64.85,2010.95,0.0,1.0
3860,5,0.3662,1,1,0,0.3662,0.3054,0.6884,1,"Contract_Two year (increases churn risk, SHAP=0.861)","tenure (increases churn risk, SHAP=0.707)","TotalCharges (increases churn risk, SHAP=0.602)",24.0,93.15,2231.05,0.0,0.0
2768,3,0.356,1,0,1,0.356,0.3146,0.6874,1,"PaymentMethod_Electronic check (increases churn risk, SHAP=1.311)","Contract_Two year (increases churn risk, SHAP=1.101)","tenure (increases churn risk, SHAP=0.926)",40.0,91.55,3673.6,0.0,0.0
3461,4,0.2084,1,0,1,0.2084,0.4637,0.6865,1,"tenure (increases churn risk, SHAP=1.422)","MonthlyCharges (decreases churn risk, SHAP=-1.011)","Contract_Two year (increases churn risk, SHAP=0.971)",30.0,90.5,2595.85,0.0,0.0
2950,4,0.2544,1,0,1,0.2544,0.4159,0.6862,1,"tenure (increases churn risk, SHAP=1.233)","OnlineSecurity_Yes (decreases churn risk, SHAP=-1.102)","Contract_Two year (increases churn risk, SHAP=0.998)",37.0,91.15,3369.25,0.0,0.0
3787,5,0.0909,0,0,0,0.0909,0.5833,0.6822,1,"MonthlyCharges (decreases churn risk, SHAP=-1.689)","Contract_Two year (increases churn risk, SHAP=1.276)","tenure (increases churn risk, SHAP=1.005)",25.0,79.0,1902.0,0.0,0.0
3088,4,0.1199,0,0,0,0.1199,0.5507,0.6806,1,"MonthlyCharges (decreases churn risk, SHAP=-2.133)","tenure (increases churn risk, SHAP=1.140)","Contract_Two year (increases churn risk, SHAP=0.935)",35.0,72.1,2495.15,0.0,1.0
3765,5,0.1959,1,1,0,0.1959,0.4698,0.6795,1,"MonthlyCharges (decreases churn risk, SHAP=-1.247)","tenure (increases churn risk, SHAP=0.893)","Dependents (decreases churn risk, SHAP=-0.891)",25.0,90.4,2178.6,0.0,1.0
3466,4,0.3443,1,0,1,0.3443,0.3174,0.678,1,"PaymentMethod_Electronic check (increases churn risk, SHAP=1.201)","Contract_Two year (increases churn risk, SHAP=0.955)","tenure (increases churn risk, SHAP=0.686)",30.0,90.05,2627.2,0.0,0.0
3360,4,0.3436,1,0,1,0.3436,0.3161,0.676,1,"tenure (increases churn risk, SHAP=1.154)","Contract_Two year (increases churn risk, SHAP=0.694)","TotalCharges (increases churn risk, SHAP=0.663)",31.0,96.6,2877.95,0.0,0.0
2917,4,0.3742,1,1,0,0.3742,0.2851,0.6753,1,"tenure (increases churn risk, SHAP=1.267)","MonthlyCharges (increases churn risk, SHAP=1.046)","Contract_Two year (increases churn risk, SHAP=0.688)",38.0,99.25,3777.15,0.0,0.0
3452,4,0.3417,1,0,1,0.3417,0.3173,0.6752,1,"tenure (increases churn risk, SHAP=0.742)","Contract_Two year (increases churn risk, SHAP=0.588)","PaymentMethod_Electronic check (increases churn risk, SHAP=0.366)",30.0,101.5,2917.65,0.0,0.0
3473,4,0.2795,1,0,1,0.2795,0.3794,0.6748,1,"tenure (increases churn risk, SHAP=1.078)","Contract_Two year (increases churn risk, SHAP=0.802)","TotalCharges (increases churn risk, SHAP=0.664)",30.0,94.4,2638.1,0.0,1.0
2356,3,0.3089,1,0,1,0.3089,0.348,0.673,1,"MonthlyCharges (increases churn risk, SHAP=1.140)","tenure (increases churn risk, SHAP=1.099)","PaymentMethod_Mailed check (decreases churn risk, SHAP=-0.811)",47.0,100.75,4669.2,0.0,0.0
2960,4,0.3757,1,1,0,0.3757,0.2805,0.6719,1,"tenure (increases churn risk, SHAP=1.077)","Contract_Two year (increases churn risk, SHAP=0.723)","OnlineSecurity_Yes (increases churn risk, SHAP=0.450)",37.0,101.1,3744.05,0.0,0.0
3826,5,0.1266,0,1,1,0.1266,0.5349,0.6717,1,"MonthlyCharges (increases churn risk, SHAP=1.229)","Contract_Two year (increases churn risk, SHAP=0.908)","PaymentMethod_Mailed check (decreases churn risk, SHAP=-0.769)",25.0,102.8,2660.2,0.0,0.0
3988,5,0.2358,1,1,0,0.2358,0.4194,0.6701,1,"tenure (increases churn risk, SHAP=0.941)","Contract_Two year (increases churn risk, SHAP=0.839)","MultipleLines_Yes (decreases churn risk, SHAP=-0.756)",23.0,99.85,2331.3,0.0,0.0
2171,3,0.3724,1,1,0,0.3724,0.2819,0.6701,1,"tenure (increases churn risk, SHAP=1.082)","TotalCharges (increases churn risk, SHAP=0.820)","Contract_Two year (increases churn risk, SHAP=0.717)",50.0,95.7,4816.7,0.0,0.0
3345,4,0.3114,1,1,0,0.3114,0.3412,0.6686,1,"tenure (increases churn risk, SHAP=0.837)","Contract_Two year (increases churn risk, SHAP=0.796)","gender_Male (decreases churn risk, SHAP=-0.510)",31.0,99.95,3186.65,0.0,0.0
3440,4,0.3114,1,1,0,0.3114,0.3412,0.6686,1,"tenure (increases churn risk, SHAP=0.837)","Contract_Two year (increases churn risk, SHAP=0.796)","gender_Male (decreases churn risk, SHAP=-0.510)",30.0,99.7,2967.35,0.0,0.0
3889,5,0.1498,1,0,1,0.1498,0.5069,0.6681,1,"tenure (increases churn risk, SHAP=1.000)","Contract_Two year (increases churn risk, SHAP=0.935)","TotalCharges (increases churn risk, SHAP=0.697)",24.0,94.6,2283.15,0.0,0.0
2895,4,0.3722,1,0,1,0.3722,0.2801,0.6679,1,"MonthlyCharges (increases churn risk, SHAP=1.118)","tenure (increases churn risk, SHAP=0.759)","Contract_Two year (increases churn risk, SHAP=0.571)",38.0,101.15,3741.85,0.0,0.0
2205,3,0.3724,1,1,0,0.3724,0.2798,0.6678,1,"tenure (increases churn risk, SHAP=1.082)","TotalCharges (increases churn risk, SHAP=0.751)","Contract_Two year (increases churn risk, SHAP=0.717)",49.0,96.2,4718.25,0.0,0.0
1411,2,0.2235,1,0,1,0.2235,0.4283,0.6662,1,"MonthlyCharges (decreases churn risk, SHAP=-1.398)","tenure (increases churn risk, SHAP=1.201)","Contract_Two year (increases churn risk, SHAP=0.912)",60.0,79.0,4801.1,0.0,1.0
4147,5,0.2148,1,1,0,0.2148,0.4348,0.6636,1,"MonthlyCharges (decreases churn risk, SHAP=-1.388)","tenure (increases churn risk, SHAP=1.167)","Contract_Two year (increases churn risk, SHAP=0.916)",21.0,60.05,1236.15,0.0,0.0
4132,5,0.3351,1,0,1,0.3351,0.3101,0.6608,1,"Contract_Two year (increases churn risk, SHAP=0.977)","tenure (increases churn risk, SHAP=0.813)","OnlineSecurity_Yes (increases churn risk, SHAP=0.456)",21.0,104.35,2271.85,0.0,0.0
3751,5,0.1101,0,1,1,0.1101,0.5414,0.6604,1,"MonthlyCharges (decreases churn risk, SHAP=-1.628)","tenure (increases churn risk, SHAP=1.159)","Contract_Two year (increases churn risk, SHAP=1.043)",26.0,88.8,2274.35,0.0,0.0
3687,5,0.2421,1,0,1,0.2421,0.403,0.6597,1,"tenure (increases churn risk, SHAP=1.316)","MultipleLines_Yes (decreases churn risk, SHAP=-0.828)","TotalCharges (increases churn risk, SHAP=0.825)",26.0,95.85,2475.35,0.0,1.0
3731,5,0.0436,0,0,0,0.0436,0.6118,0.6594,1,"MonthlyCharges (decreases churn risk, SHAP=-2.021)","tenure (increases churn risk, SHAP=1.023)","MultipleLines_Yes (decreases churn risk, SHAP=-0.811)",26.0,45.8,1147.0,0.0,0.0
3295,4,0.043,0,0,0,0.043,0.61,0.657,1,"MonthlyCharges (decreases churn risk, SHAP=-1.526)","tenure (increases churn risk, SHAP=1.107)","TechSupport_Yes (decreases churn risk, SHAP=-0.877)",32.0,74.75,2282.95,0.0,1.0
3142,4,0.3352,1,0,1,0.3352,0.3063,0.6569,1,"PaymentMethod_Electronic check (increases churn risk, SHAP=1.611)","Contract_Two year (increases churn risk, SHAP=0.918)","tenure (increases churn risk, SHAP=0.862)",34.0,56.25,1765.95,0.0,0.0
2977,4,0.3221,1,1,0,0.3221,0.3193,0.6569,1,"tenure (increases churn risk, SHAP=1.314)","MonthlyCharges (increases churn risk, SHAP=0.998)","Contract_Two year (increases churn risk, SHAP=0.628)",37.0,98.8,3475.55,0.0,0.0
3027,4,0.3165,1,1,0,0.3165,0.3247,0.6566,1,"tenure (increases churn risk, SHAP=0.997)","Contract_Two year (increases churn risk, SHAP=0.766)","OnlineSecurity_Yes (increases churn risk, SHAP=0.526)",36.0,99.15,3615.6,0.0,0.0
3216,4,0.2882,1,0,1,0.2882,0.3527,0.6562,1,"tenure (increases churn risk, SHAP=0.997)","Contract_Two year (increases churn risk, SHAP=0.773)","OnlineSecurity_Yes (increases churn risk, SHAP=0.519)",33.0,100.0,3320.6,0.0,0.0
2632,3,0.3698,1,1,0,0.3698,0.2708,0.6557,1,"tenure (increases churn risk, SHAP=1.186)","MonthlyCharges (increases churn risk, SHAP=1.085)","Contract_Two year (increases churn risk, SHAP=0.960)",42.0,101.75,4273.45,0.0,0.0
3412,4,0.2878,1,1,0,0.2878,0.3527,0.6557,1,"tenure (increases churn risk, SHAP=0.997)","Contract_Two year (increases churn risk, SHAP=0.773)","OnlineSecurity_Yes (increases churn risk, SHAP=0.519)",30.0,100.2,2983.8,0.0,0.0
3097,4,0.2631,1,0,1,0.2631,0.3774,0.6555,1,"tenure (increases churn risk, SHAP=0.961)","StreamingTV_Yes (decreases churn risk, SHAP=-0.955)","Contract_Two year (increases churn risk, SHAP=0.656)",35.0,94.55,3365.4,0.0,0.0
2461,3,0.3721,1,0,1,0.3721,0.2682,0.6553,1,"tenure (increases churn risk, SHAP=1.072)","Contract_Two year (increases churn risk, SHAP=0.705)","TotalCharges (increases churn risk, SHAP=0.656)",45.0,93.9,4200.25,0.0,0.0
3980,5,0.2274,1,0,1,0.2274,0.4128,0.6543,1,"tenure (increases churn risk, SHAP=1.061)","Contract_Two year (increases churn risk, SHAP=0.760)","MonthlyCharges (increases churn risk, SHAP=0.681)",23.0,98.7,2249.1,0.0,0.0
4186,5,0.2323,1,0,1,0.2323,0.407,0.6535,1,"tenure (increases churn risk, SHAP=0.851)","MonthlyCharges (increases churn risk, SHAP=0.793)","PaymentMethod_Mailed check (decreases churn risk, SHAP=-0.734)",20.0,96.8,1826.7,0.0,0.0
3585,5,0.2459,1,0,1,0.2459,0.3928,0.6532,1,"tenure (increases churn risk, SHAP=1.314)","MonthlyCharges (decreases churn risk, SHAP=-1.214)","Contract_Two year (increases churn risk, SHAP=1.075)",28.0,91.25,2483.65,0.0,1.0
2981,4,0.2884,1,1,0,0.2884,0.3491,0.6526,1,"tenure (increases churn risk, SHAP=0.866)","TotalCharges (increases churn risk, SHAP=0.728)","Contract_Two year (increases churn risk, SHAP=0.666)",37.0,96.55,3580.3,0.0,0.0
3420,4,0.2149,1,0,1,0.2149,0.4239,0.6525,1,"MonthlyCharges (decreases churn risk, SHAP=-1.437)","Contract_Two year (increases churn risk, SHAP=1.284)","OnlineSecurity_Yes (decreases churn risk, SHAP=-1.087)",30.0,74.75,2111.3,0.0,0.0
3071,4,0.3073,1,0,1,0.3073,0.3299,0.6524,1,"MonthlyCharges (decreases churn risk, SHAP=-1.183)","tenure (increases churn risk, SHAP=1.116)","PaymentMethod_Electronic check (increases churn risk, SHAP=1.050)",35.0,73.0,2471.25,0.0,1.0
2450,3,0.3645,1,1,0,0.3645,0.2727,0.6521,1,"tenure (increases churn risk, SHAP=1.296)","Contract_Two year (increases churn risk, SHAP=0.805)","MonthlyCharges (increases churn risk, SHAP=0.613)",45.0,100.85,4740.0,0.0,0.0
3336,4,0.326,1,0,1,0.326,0.3095,0.6507,1,"MonthlyCharges (increases churn risk, SHAP=0.675)","Contract_Two year (increases churn risk, SHAP=0.597)","tenure (increases churn risk, SHAP=0.587)",32.0,100.4,3217.65,0.0,0.0
3539,5,0.3679,1,1,0,0.3679,0.2674,0.65,1,"tenure (increases churn risk, SHAP=0.721)","Contract_Two year (increases churn risk, SHAP=0.584)","OnlineSecurity_Yes (increases churn risk, SHAP=0.507)",29.0,98.5,3004.15,0.0,0.0
3342,4,0.3581,1,1,0,0.3581,0.2763,0.6493,1,"tenure (increases churn risk, SHAP=0.994)","TotalCharges (increases churn risk, SHAP=0.693)","OnlineSecurity_Yes (increases churn risk, SHAP=0.618)",31.0,93.8,3019.5,0.0,0.0
3803,5,0.2115,1,0,1,0.2115,0.4235,0.6484,1,"tenure (increases churn risk, SHAP=0.877)","Contract_Two year (increases churn risk, SHAP=0.828)","MultipleLines_Yes (decreases churn risk, SHAP=-0.509)",25.0,95.7,2338.35,0.0,0.0
3583,5,0.3339,1,0,1,0.3339,0.2991,0.648,1,"tenure (increases churn risk, SHAP=1.058)","TotalCharges (increases churn risk, SHAP=0.674)","MonthlyCharges (increases churn risk, SHAP=0.659)",28.0,96.6,2684.35,0.0,0.0
3976,5,0.0819,0,0,0,0.0819,0.5588,0.6476,1,"MonthlyCharges (decreases churn risk, SHAP=-1.602)","tenure (increases churn risk, SHAP=1.104)","Contract_Two year (increases churn risk, SHAP=0.839)",23.0,73.75,1756.6,0.0,1.0
3845,5,0.3624,1,1,0,0.3624,0.2705,0.6476,1,"tenure (increases churn risk, SHAP=0.907)","OnlineSecurity_Yes (increases churn risk, SHAP=0.619)","Contract_Two year (increases churn risk, SHAP=0.560)",24.0,101.05,2391.8,0.0,0.0
3510,4,0.3379,1,0,1,0.3379,0.2945,0.6473,1,"tenure (increases churn risk, SHAP=1.242)","Contract_Two year (increases churn risk, SHAP=0.980)","MonthlyCharges (increases churn risk, SHAP=0.556)",29.0,98.8,2807.1,0.0,0.0
3411,4,0.0579,0,0,0,0.0579,0.5844,0.6473,1,"MonthlyCharges (decreases churn risk, SHAP=-1.530)","tenure (increases churn risk, SHAP=1.267)","StreamingTV_Yes (decreases churn risk, SHAP=-0.802)",30.0,64.5,1888.45,0.0,0.0
3115,4,0.1007,0,1,1,0.1007,0.5384,0.6472,1,"MonthlyCharges (decreases churn risk, SHAP=-1.460)","tenure (increases churn risk, SHAP=1.147)","PaymentMethod_Electronic check (decreases churn risk, SHAP=-0.868)",35.0,55.0,2010.55,0.0,0.0
2860,4,0.2384,1,0,1,0.2384,0.3939,0.6465,1,"StreamingTV_Yes (decreases churn risk, SHAP=-2.235)","tenure (increases churn risk, SHAP=1.241)","Contract_Two year (increases churn risk, SHAP=1.039)",39.0,90.7,3413.25,0.0,0.0
3712,5,0.2895,1,0,1,0.2895,0.3419,0.6463,1,"tenure (increases churn risk, SHAP=1.100)","Contract_Two year (increases churn risk, SHAP=0.651)","MonthlyCharges (increases churn risk, SHAP=0.537)",26.0,100.5,2599.95,0.0,0.0
3103,4,0.2319,1,1,0,0.2319,0.3982,0.644,1,"MonthlyCharges (decreases churn risk, SHAP=-1.436)","tenure (increases churn risk, SHAP=1.289)","Dependents (decreases churn risk, SHAP=-0.965)",35.0,85.15,3030.6,0.0,1.0
3399,4,0.1338,1,1,0,0.1338,0.4993,0.6432,1,"MonthlyCharges (decreases churn risk, SHAP=-1.753)","tenure (increases churn risk, SHAP=1.187)","Contract_Two year (increases churn risk, SHAP=0.903)",31.0,79.45,2587.7,0.0,1.0
3165,4,0.3617,1,1,0,0.3617,0.2664,0.6425,1,"tenure (increases churn risk, SHAP=0.907)","OnlineSecurity_Yes (increases churn risk, SHAP=0.610)","Contract_Two year (increases churn risk, SHAP=0.567)",34.0,100.05,3480.0,0.0,0.0
4064,5,0.1827,1,1,0,0.1827,0.4474,0.6424,1,"tenure (increases churn risk, SHAP=1.325)","StreamingTV_Yes (decreases churn risk, SHAP=-1.256)","TechSupport_Yes (decreases churn risk, SHAP=-0.769)",22.0,54.45,1127.35,0.0,0.0
2576,3,0.3698,1,1,0,0.3698,0.2575,0.6416,1,"tenure (increases churn risk, SHAP=1.178)","Contract_Two year (increases churn risk, SHAP=0.817)","OnlineSecurity_Yes (increases churn risk, SHAP=0.568)",43.0,101.4,4528.0,0.0,0.0
3328,4,0.2525,1,0,1,0.2525,0.3725,0.6391,1,"Contract_Two year (increases churn risk, SHAP=1.307)","tenure (increases churn risk, SHAP=0.923)","OnlineBackup_Yes (increases churn risk, SHAP=0.459)",32.0,109.55,3608.0,0.0,1.0
3058,4,0.3661,1,0,1,0.3661,0.2587,0.6391,1,"tenure (increases churn risk, SHAP=0.747)","Contract_Two year (increases churn risk, SHAP=0.591)","OnlineSecurity_Yes (increases churn risk, SHAP=0.498)",35.0,100.8,3437.5,0.0,0.0
2893,4,0.3663,1,1,0,0.3663,0.2584,0.639,1,"tenure (increases churn risk, SHAP=0.908)","OnlineSecurity_Yes (increases churn risk, SHAP=0.603)","Contract_Two year (increases churn risk, SHAP=0.589)",38.0,94.65,3624.3,0.0,0.0
3089,4,0.2563,1,1,0,0.2563,0.3684,0.6388,1,"PaymentMethod_Electronic check (increases churn risk, SHAP=1.203)","tenure (increases churn risk, SHAP=1.166)","MonthlyCharges (decreases churn risk, SHAP=-0.976)",35.0,86.45,3029.1,0.0,0.0
4016,5,0.1287,0,0,0,0.1287,0.4997,0.6381,1,"MonthlyCharges (decreases churn risk, SHAP=-1.637)","tenure (increases churn risk, SHAP=1.272)","StreamingTV_Yes (decreases churn risk, SHAP=-1.039)",22.0,89.05,1886.25,0.0,0.0
3100,4,0.1524,1,0,1,0.1524,0.4747,0.6379,1,"tenure (increases churn risk, SHAP=1.463)","MonthlyCharges (decreases churn risk, SHAP=-0.938)","Contract_Two year (increases churn risk, SHAP=0.909)",35.0,91.0,3180.5,0.0,0.0
3732,5,0.2555,1,1,0,0.2555,0.3674,0.6369,1,"PaymentMethod_Electronic check (increases churn risk, SHAP=1.201)","Contract_Two year (increases churn risk, SHAP=1.094)","tenure (increases churn risk, SHAP=0.951)",26.0,89.15,2277.65,0.0,0.0
3348,4,0.3059,1,0,1,0.3059,0.3161,0.6365,1,"tenure (increases churn risk, SHAP=0.927)","Contract_Two year (increases churn risk, SHAP=0.622)","TotalCharges (increases churn risk, SHAP=0.603)",31.0,93.8,2939.8,0.0,1.0
2717,3,0.3617,1,0,1,0.3617,0.2602,0.636,1,"Contract_Two year (increases churn risk, SHAP=0.978)","tenure (increases churn risk, SHAP=0.662)","OnlineSecurity_Yes (increases churn risk, SHAP=0.575)",41.0,94.55,3851.45,0.0,0.0
3418,4,0.2229,1,0,1,0.2229,0.3996,0.6359,1,"MonthlyCharges (decreases churn risk, SHAP=-3.406)","PaymentMethod_Electronic check (increases churn risk, SHAP=1.165)","tenure (increases churn risk, SHAP=0.881)",30.0,44.5,1307.8,0.0,0.0
3066,4,0.3237,1,1,0,0.3237,0.2971,0.6352,1,"tenure (increases churn risk, SHAP=1.057)","Contract_Two year (increases churn risk, SHAP=0.662)","OnlineSecurity_Yes (increases churn risk, SHAP=0.511)",35.0,100.25,3527.6,0.0,0.0
2197,3,0.3672,1,0,1,0.3672,0.2534,0.6345,1,"tenure (increases churn risk, SHAP=1.264)","Contract_Two year (increases churn risk, SHAP=0.754)","OnlineSecurity_Yes (increases churn risk, SHAP=0.568)",49.0,98.7,4920.55,0.0,0.0
3515,4,0.2411,1,0,1,0.2411,0.3793,0.6342,1,"StreamingTV_Yes (decreases churn risk, SHAP=-2.249)","tenure (increases churn risk, SHAP=1.440)","MonthlyCharges (decreases churn risk, SHAP=-1.376)",29.0,84.9,2516.2,0.0,0.0
2851,4,0.3307,1,0,1,0.3307,0.2892,0.6342,1,"tenure (increases churn risk, SHAP=0.897)","Contract_Two year (increases churn risk, SHAP=0.685)","gender_Male (decreases churn risk, SHAP=-0.509)",39.0,99.75,4036.0,0.0,0.0
3034,4,0.2411,1,1,0,0.2411,0.3793,0.6342,1,"StreamingTV_Yes (decreases churn risk, SHAP=-2.249)","tenure (increases churn risk, SHAP=1.440)","MonthlyCharges (decreases churn risk, SHAP=-1.376)",36.0,84.9,3067.2,0.0,0.0
3017,4,0.2411,1,1,0,0.2411,0.3793,0.6342,1,"StreamingTV_Yes (decreases churn risk, SHAP=-2.249)","tenure (increases churn risk, SHAP=1.440)","MonthlyCharges (decreases churn risk, SHAP=-1.376)",36.0,84.75,3050.15,0.0,0.0
3604,5,0.1631,1,0,1,0.1631,0.4598,0.6341,1,"MonthlyCharges (decreases churn risk, SHAP=-1.478)","tenure (increases churn risk, SHAP=1.456)","MultipleLines_Yes (decreases churn risk, SHAP=-0.841)",27.0,69.35,1927.3,0.0,1.0
3255,4,0.2554,1,0,1,0.2554,0.3638,0.6331,1,"tenure (increases churn risk, SHAP=1.411)","StreamingTV_Yes (decreases churn risk, SHAP=-0.820)","TechSupport_Yes (decreases churn risk, SHAP=-0.766)",33.0,95.3,3275.15,0.0,0.0
3119,4,0.313,1,0,1,0.313,0.3057,0.633,1,"tenure (increases churn risk, SHAP=1.327)","TotalCharges (increases churn risk, SHAP=0.734)","Contract_Two year (increases churn risk, SHAP=0.620)",35.0,95.5,3418.2,0.0,0.0
3623,5,0.2072,1,0,1,0.2072,0.4124,0.6324,1,"MonthlyCharges (decreases churn risk, SHAP=-1.239)","tenure (increases churn risk, SHAP=1.217)","Contract_Two year (increases churn risk, SHAP=0.963)",27.0,81.7,2212.55,0.0,1.0
1761,2,0.2238,1,0,1,0.2238,0.3951,0.6322,1,"tenure (increases churn risk, SHAP=0.998)","Contract_Two year (increases churn risk, SHAP=0.940)","PaymentMethod_Mailed check (decreases churn risk, SHAP=-0.764)",55.0,100.9,5552.05,0.0,1.0
2815,3,0.3256,1,0,1,0.3256,0.2887,0.6283,1,"tenure (increases churn risk, SHAP=1.331)","PaymentMethod_Electronic check (increases churn risk, SHAP=1.203)","MonthlyCharges (decreases churn risk, SHAP=-1.048)",40.0,84.9,3369.05,0.0,0.0
2707,3,0.3614,1,0,1,0.3614,0.2528,0.6278,1,"PaymentMethod_Electronic check (increases churn risk, SHAP=1.523)","tenure (increases churn risk, SHAP=1.114)","Contract_Two year (increases churn risk, SHAP=0.665)",41.0,51.35,2075.1,0.0,1.0
2619,3,0.33,1,0,1,0.33,0.2835,0.6275,1,"PaymentMethod_Electronic check (increases churn risk, SHAP=1.196)","tenure (increases churn risk, SHAP=1.171)","Contract_Two year (increases churn risk, SHAP=1.014)",43.0,84.85,3645.6,0.0,0.0
1800,2,0.372,1,1,0,0.372,0.2417,0.6272,1,"tenure (increases churn risk, SHAP=1.254)","TotalCharges (increases churn risk, SHAP=0.821)","Contract_Two year (increases churn risk, SHAP=0.693)",55.0,96.8,5283.95,0.0,0.0
3618,5,0.194,1,0,1,0.194,0.4201,0.6264,1,"tenure (increases churn risk, SHAP=0.911)","TotalCharges (increases churn risk, SHAP=0.718)","OnlineSecurity_Yes (increases churn risk, SHAP=0.518)",27.0,95.0,2462.55,0.0,0.0
2975,4,0.3161,1,1,0,0.3161,0.2958,0.6259,1,"PaymentMethod_Electronic check (increases churn risk, SHAP=1.248)","MonthlyCharges (decreases churn risk, SHAP=-0.956)","Contract_Two year (increases churn risk, SHAP=0.878)",37.0,85.7,3171.15,0.0,0.0
2614,3,0.3493,1,0,1,0.3493,0.2625,0.6255,1,"PaymentMethod_Electronic check (increases churn risk, SHAP=1.200)","Contract_Two year (increases churn risk, SHAP=1.094)","tenure (increases churn risk, SHAP=0.926)",43.0,90.25,3838.75,0.0,0.0
3719,5,0.2249,1,1,0,0.2249,0.3876,0.6255,1,"MonthlyCharges (decreases churn risk, SHAP=-1.750)","tenure (increases churn risk, SHAP=0.986)","Dependents (decreases churn risk, SHAP=-0.894)",26.0,83.75,2070.6,0.0,0.0
2647,3,0.3573,1,0,1,0.3573,0.2543,0.6252,1,"tenure (increases churn risk, SHAP=1.232)","Contract_Two year (increases churn risk, SHAP=0.704)","Partner (increases churn risk, SHAP=0.435)",42.0,100.3,4222.95,0.0,0.0
4168,5,0.0469,0,1,1,0.0469,0.5742,0.625,1,"StreamingTV_Yes (decreases churn risk, SHAP=-1.582)","MonthlyCharges (decreases churn risk, SHAP=-1.370)","tenure (increases churn risk, SHAP=1.036)",20.0,61.6,1174.35,0.0,0.0
3867,5,0.1966,1,0,1,0.1966,0.4157,0.6245,1,"tenure (increases churn risk, SHAP=1.303)","StreamingTV_Yes (decreases churn risk, SHAP=-1.256)","PaymentMethod_Electronic check (increases churn risk, SHAP=0.856)",24.0,51.15,1275.7,0.0,0.0
3145,4,0.359,1,0,1,0.359,0.2519,0.6244,1,"tenure (increases churn risk, SHAP=0.978)","OnlineSecurity_Yes (increases churn risk, SHAP=0.610)","Contract_Two year (increases churn risk, SHAP=0.505)",34.0,100.85,3527.3,0.0,0.0
2613,3,0.3401,1,0,1,0.3401,0.2702,0.6242,1,"PaymentMethod_Electronic check (increases churn risk, SHAP=1.320)","Contract_Two year (increases churn risk, SHAP=1.167)","tenure (increases churn risk, SHAP=1.065)",43.0,91.65,3954.1,0.0,0.0
2244,3,0.3422,1,0,1,0.3422,0.2679,0.6239,1,"tenure (increases churn risk, SHAP=1.392)","StreamingTV_Yes (decreases churn risk, SHAP=-0.834)","TotalCharges (increases churn risk, SHAP=0.775)",48.0,95.4,4445.3,0.0,0.0
3315,4,0.3113,1,0,1,0.3113,0.2971,0.6223,1,"tenure (increases churn risk, SHAP=1.057)","Contract_Two year (increases churn risk, SHAP=0.662)","OnlineSecurity_Yes (increases churn risk, SHAP=0.511)",32.0,101.35,3334.9,0.0,0.0
2869,4,0.2489,1,1,0,0.2489,0.3597,0.6221,1,"tenure (increases churn risk, SHAP=1.145)","TotalCharges (increases churn risk, SHAP=0.832)","MultipleLines_Yes (decreases churn risk, SHAP=-0.744)",39.0,95.55,3692.85,0.0,1.0
2113,3,0.34,1,1,0,0.34,0.2678,0.6215,1,"MonthlyCharges (increases churn risk, SHAP=1.149)","tenure (increases churn risk, SHAP=0.944)","Contract_Two year (increases churn risk, SHAP=0.708)",50.0,103.7,5071.05,0.0,0.0
2929,4,0.1171,0,0,0,0.1171,0.4952,0.621,1,"MonthlyCharges (decreases churn risk, SHAP=-1.289)","tenure (increases churn risk, SHAP=1.014)","Contract_Two year (increases churn risk, SHAP=0.934)",38.0,89.1,3342.0,0.0,1.0
2215,3,0.3726,1,1,0,0.3726,0.2351,0.6208,1,"MonthlyCharges (increases churn risk, SHAP=1.441)","tenure (increases churn risk, SHAP=1.269)","Contract_Two year (increases churn risk, SHAP=0.962)",49.0,103.7,5036.3,0.0,0.0
2208,3,0.3636,1,1,0,0.3636,0.2436,0.6205,1,"tenure (increases churn risk, SHAP=0.960)","Contract_Two year (increases churn risk, SHAP=0.666)","MonthlyCharges (increases churn risk, SHAP=0.608)",49.0,99.05,4853.75,0.0,0.0
2191,3,0.3543,1,1,0,0.3543,0.2522,0.6199,1,"tenure (increases churn risk, SHAP=1.386)","Contract_Two year (increases churn risk, SHAP=0.557)","MonthlyCharges (increases churn risk, SHAP=0.513)",49.0,100.6,5069.65,0.0,1.0
3491,4,0.2581,1,1,0,0.2581,0.3483,0.6198,1,"PaymentMethod_Electronic check (increases churn risk, SHAP=1.383)","tenure (increases churn risk, SHAP=1.144)","Contract_Two year (increases churn risk, SHAP=1.043)",29.0,78.9,2384.15,0.0,0.0
2852,4,0.3301,1,1,0,0.3301,0.2761,0.6198,1,"tenure (increases churn risk, SHAP=0.993)","Contract_Two year (increases churn risk, SHAP=0.929)","gender_Male (decreases churn risk, SHAP=-0.836)",39.0,103.45,3994.45,0.0,0.0
2374,3,0.3237,1,1,0,0.3237,0.2823,0.6196,1,"tenure (increases churn risk, SHAP=1.337)","StreamingTV_Yes (decreases churn risk, SHAP=-0.900)","TechSupport_Yes (decreases churn risk, SHAP=-0.837)",46.0,93.7,4154.8,0.0,0.0
2153,3,0.3026,1,0,1,0.3026,0.3021,0.6184,1,"tenure (increases churn risk, SHAP=1.371)","Contract_Two year (increases churn risk, SHAP=1.079)","MultipleLines_Yes (decreases churn risk, SHAP=-0.827)",50.0,93.5,4747.5,0.0,0.0
2014,2,0.3635,1,1,0,0.3635,0.2408,0.6175,1,"PaymentMethod_Electronic check (increases churn risk, SHAP=1.619)","tenure (increases churn risk, SHAP=0.904)","Contract_Two year (increases churn risk, SHAP=0.884)",52.0,49.15,2550.9,0.0,0.0
3143,4,0.2739,1,0,1,0.2739,0.3288,0.6162,1,"MonthlyCharges (decreases churn risk, SHAP=-1.642)","Contract_Two year (increases churn risk, SHAP=1.012)","Dependents (decreases churn risk, SHAP=-0.940)",34.0,89.85,3091.75,0.0,0.0
2887,4,0.3551,1,0,1,0.3551,0.2478,0.6161,1,"tenure (increases churn risk, SHAP=0.957)","MonthlyCharges (increases churn risk, SHAP=0.859)","OnlineSecurity_Yes (increases churn risk, SHAP=0.558)",38.0,101.15,3956.7,0.0,0.0
3275,4,0.2042,1,1,0,0.2042,0.3994,0.6158,1,"tenure (increases churn risk, SHAP=1.006)","MonthlyCharges (increases churn risk, SHAP=0.835)","TechSupport_Yes (decreases churn risk, SHAP=-0.635)",32.0,99.55,3204.65,0.0,0.0
1712,2,0.273,1,0,1,0.273,0.3291,0.6156,1,"tenure (increases churn risk, SHAP=1.044)","PaymentMethod_Mailed check (decreases churn risk, SHAP=-0.817)","MonthlyCharges (decreases churn risk, SHAP=-0.794)",56.0,105.35,5794.45,0.0,0.0
3096,4,0.1908,1,0,1,0.1908,0.4125,0.6151,1,"tenure (increases churn risk, SHAP=0.872)","Contract_Two year (increases churn risk, SHAP=0.689)","TechSupport_Yes (decreases churn risk, SHAP=-0.654)",35.0,99.05,3554.6,0.0,0.0
2797,3,0.347,1,1,0,0.347,0.2513,0.6114,1,"tenure (increases churn risk, SHAP=0.919)","OnlineSecurity_Yes (increases churn risk, SHAP=0.598)","TotalCharges (increases churn risk, SHAP=0.544)",40.0,97.1,3706.95,0.0,0.0
2714,3,0.3223,1,0,1,0.3223,0.2746,0.6101,1,"tenure (increases churn risk, SHAP=1.276)","PaymentMethod_Electronic check (increases churn risk, SHAP=1.205)","Contract_Two year (increases churn risk, SHAP=1.102)",41.0,89.2,3645.75,0.0,0.0
2454,3,0.3646,1,0,1,0.3646,0.2323,0.6096,1,"tenure (increases churn risk, SHAP=1.324)","MonthlyCharges (increases churn risk, SHAP=1.313)","Contract_Two year (increases churn risk, SHAP=0.849)",45.0,103.65,4747.85,0.0,0.0
1720,2,0.1713,1,0,1,0.1713,0.4271,0.6094,1,"MonthlyCharges (decreases churn risk, SHAP=-1.634)","tenure (increases churn risk, SHAP=0.933)","Contract_Two year (increases churn risk, SHAP=0.857)",56.0,89.7,4952.95,0.0,0.0
2246,3,0.3512,1,0,1,0.3512,0.2449,0.609,1,"tenure (increases churn risk, SHAP=1.118)","Contract_Two year (increases churn risk, SHAP=0.710)","Contract_One year (decreases churn risk, SHAP=-0.517)",48.0,99.0,4744.35,0.0,1.0
2303,3,0.362,1,0,1,0.362,0.234,0.6087,1,"tenure (increases churn risk, SHAP=1.292)","MonthlyCharges (increases churn risk, SHAP=0.925)","Contract_Two year (increases churn risk, SHAP=0.843)",47.0,103.1,4889.3,0.0,1.0
2730,3,0.3724,1,1,0,0.3724,0.2218,0.6067,1,"tenure (increases churn risk, SHAP=1.051)","Contract_Two year (increases churn risk, SHAP=0.729)","OnlineSecurity_Yes (increases churn risk, SHAP=0.449)",41.0,98.4,4187.75,0.0,0.0
2782,3,0.3643,1,1,0,0.3643,0.2286,0.6054,1,"tenure (increases churn risk, SHAP=0.863)","Contract_Two year (increases churn risk, SHAP=0.678)","OnlineSecurity_Yes (increases churn risk, SHAP=0.618)",40.0,101.3,4113.1,0.0,0.0
2618,3,0.3192,1,0,1,0.3192,0.2719,0.6041,1,"tenure (increases churn risk, SHAP=1.501)","MonthlyCharges (decreases churn risk, SHAP=-1.103)","Contract_Two year (increases churn risk, SHAP=1.035)",43.0,90.65,3882.3,0.0,1.0
2567,3,0.3689,1,1,0,0.3689,0.2217,0.6029,1,"tenure (increases churn risk, SHAP=0.702)","Contract_Two year (increases churn risk, SHAP=0.701)","OnlineSecurity_Yes (increases churn risk, SHAP=0.506)",43.0,101.0,4388.4,0.0,0.0
2156,3,0.3115,1,0,1,0.3115,0.2758,0.6001,1,"tenure (increases churn risk, SHAP=1.074)","TotalCharges (increases churn risk, SHAP=0.830)","Contract_Two year (increases churn risk, SHAP=0.649)",50.0,95.7,4729.75,0.0,0.0
2588,3,0.3454,1,1,0,0.3454,0.2417,0.5996,1,"tenure (increases churn risk, SHAP=1.297)","Contract_Two year (increases churn risk, SHAP=0.580)","Partner (increases churn risk, SHAP=0.522)",43.0,100.0,4211.55,0.0,1.0
2154,3,0.3142,1,0,1,0.3142,0.2719,0.5989,1,"tenure (increases churn risk, SHAP=1.501)","MonthlyCharges (decreases churn risk, SHAP=-1.103)","Contract_Two year (increases churn risk, SHAP=1.035)",50.0,90.1,4549.45,0.0,1.0
2767,3,0.2801,1,1,0,0.2801,0.3032,0.5961,1,"MonthlyCharges (increases churn risk, SHAP=0.889)","tenure (increases churn risk, SHAP=0.865)","Contract_Two year (increases churn risk, SHAP=0.675)",40.0,101.85,4086.3,0.0,0.0
2664,3,0.3535,1,1,0,0.3535,0.2304,0.596,1,"tenure (increases churn risk, SHAP=0.760)","OnlineSecurity_Yes (increases churn risk, SHAP=0.535)","TotalCharges (increases churn risk, SHAP=0.524)",42.0,94.2,4186.3,0.0,0.0
1799,2,0.3286,1,1,0,0.3286,0.2543,0.5954,1,"tenure (increases churn risk, SHAP=1.033)","Contract_Two year (increases churn risk, SHAP=0.733)","OnlineSecurity_Yes (decreases churn risk, SHAP=-0.549)",55.0,98.8,5617.75,0.0,0.0
2046,2,0.3723,1,1,0,0.3723,0.2112,0.5953,1,"tenure (increases churn risk, SHAP=1.087)","TotalCharges (increases churn risk, SHAP=0.820)","Contract_Two year (increases churn risk, SHAP=0.729)",51.0,97.8,4913.3,0.0,0.0
1483,2,0.36,1,0,1,0.36,0.2217,0.5937,1,"PaymentMethod_Electronic check (increases churn risk, SHAP=1.520)","tenure (increases churn risk, SHAP=1.115)","Contract_Two year (increases churn risk, SHAP=0.788)",59.0,51.7,3005.8,0.0,0.0
2044,2,0.3693,1,0,1,0.3693,0.2101,0.591,1,"tenure (increases churn risk, SHAP=1.205)","Contract_Two year (increases churn risk, SHAP=1.106)","OnlineSecurity_Yes (increases churn risk, SHAP=0.639)",51.0,99.0,5038.15,0.0,0.0
2739,3,0.3685,1,0,1,0.3685,0.2102,0.5903,1,"PaymentMethod_Electronic check (increases churn risk, SHAP=1.619)","Contract_Two year (increases churn risk, SHAP=0.783)","OnlineSecurity_Yes (increases churn risk, SHAP=0.634)",41.0,53.95,2215.4,0.0,0.0
2061,2,0.3702,1,1,0,0.3702,0.208,0.5897,1,"tenure (increases churn risk, SHAP=0.924)","TotalCharges (increases churn risk, SHAP=0.766)","OnlineSecurity_Yes (increases churn risk, SHAP=0.610)",51.0,94.65,4812.75,0.0,0.0
1448,2,0.3517,1,1,0,0.3517,0.2255,0.5892,1,"PaymentMethod_Electronic check (increases churn risk, SHAP=1.624)","tenure (increases churn risk, SHAP=0.895)","Contract_Two year (increases churn risk, SHAP=0.805)",60.0,50.8,3027.4,0.0,0.0
2336,3,0.3718,1,1,0,0.3718,0.2042,0.5874,1,"tenure (increases churn risk, SHAP=0.900)","MonthlyCharges (increases churn risk, SHAP=0.766)","Contract_Two year (increases churn risk, SHAP=0.611)",47.0,99.35,4749.15,0.0,0.0
2275,3,0.2604,1,0,1,0.2604,0.3141,0.5868,1,"MonthlyCharges (decreases churn risk, SHAP=-1.570)","tenure (increases churn risk, SHAP=1.537)","Contract_Two year (increases churn risk, SHAP=0.910)",48.0,70.95,3629.2,0.0,1.0
2194,3,0.297,1,0,1,0.297,0.2761,0.5854,1,"tenure (increases churn risk, SHAP=1.227)","Contract_Two year (increases churn risk, SHAP=0.796)","gender_Male (decreases churn risk, SHAP=-0.705)",49.0,103.0,5166.2,0.0,1.0
2083,2,0.3598,1,0,1,0.3598,0.213,0.5843,1,"tenure (increases churn risk, SHAP=1.124)","Contract_Two year (increases churn risk, SHAP=0.872)","TotalCharges (increases churn risk, SHAP=0.867)",51.0,94.0,4905.75,0.0,1.0
2537,3,0.3289,1,1,0,0.3289,0.2412,0.5819,1,"tenure (increases churn risk, SHAP=1.183)","Contract_Two year (increases churn risk, SHAP=1.066)","MonthlyCharges (increases churn risk, SHAP=0.603)",44.0,100.55,4398.15,0.0,0.0
2207,3,0.3692,1,1,0,0.3692,0.1983,0.5784,1,"tenure (increases churn risk, SHAP=0.943)","OnlineSecurity_Yes (increases churn risk, SHAP=0.586)","Contract_Two year (increases churn risk, SHAP=0.562)",49.0,99.8,4872.45,0.0,0.0
2027,2,0.373,1,0,1,0.373,0.1937,0.5776,1,"tenure (increases churn risk, SHAP=1.228)","MonthlyCharges (increases churn risk, SHAP=1.059)","Contract_Two year (increases churn risk, SHAP=0.973)",52.0,103.05,5364.8,0.0,0.0
1750,2,0.3726,1,0,1,0.3726,0.1937,0.5772,1,"tenure (increases churn risk, SHAP=1.113)","Contract_Two year (increases churn risk, SHAP=0.729)","OnlineSecurity_Yes (increases churn risk, SHAP=0.459)",56.0,101.05,5594.0,0.0,0.0
2533,3,0.218,1,1,0,0.218,0.3474,0.5768,1,"MonthlyCharges (decreases churn risk, SHAP=-1.275)","tenure (increases churn risk, SHAP=0.986)","PaymentMethod_Electronic check (decreases churn risk, SHAP=-0.859)",44.0,53.95,2375.4,0.0,1.0
2376,3,0.3173,1,0,1,0.3173,0.2468,0.5758,1,"tenure (increases churn risk, SHAP=1.365)","TotalCharges (increases churn risk, SHAP=0.688)","Contract_Two year (increases churn risk, SHAP=0.587)",46.0,94.9,4422.95,0.0,1.0
2593,3,0.3461,1,0,1,0.3461,0.2183,0.5757,1,"tenure (increases churn risk, SHAP=0.757)","Contract_Two year (increases churn risk, SHAP=0.718)","TotalCharges (increases churn risk, SHAP=0.542)",43.0,94.3,3953.15,0.0,0.0
1724,2,0.3644,1,0,1,0.3644,0.2,0.5754,1,"tenure (increases churn risk, SHAP=1.239)","Contract_Two year (increases churn risk, SHAP=0.754)","MonthlyCharges (increases churn risk, SHAP=0.664)",56.0,98.6,5581.05,0.0,0.0
1666,2,0.3091,1,0,1,0.3091,0.2536,0.5745,1,"PaymentMethod_Electronic check (increases churn risk, SHAP=1.187)","OnlineSecurity_Yes (decreases churn risk, SHAP=-1.183)","tenure (increases churn risk, SHAP=1.048)",57.0,53.75,3196.0,0.0,0.0
1462,2,0.3094,1,0,1,0.3094,0.253,0.5742,1,"tenure (increases churn risk, SHAP=1.497)","MonthlyCharges (decreases churn risk, SHAP=-1.322)","Contract_Two year (increases churn risk, SHAP=1.080)",60.0,89.9,5450.7,0.0,0.0
2165,3,0.3698,1,1,0,0.3698,0.1914,0.5718,1,"MonthlyCharges (increases churn risk, SHAP=1.689)","tenure (increases churn risk, SHAP=0.942)","Contract_Two year (increases churn risk, SHAP=0.763)",50.0,103.85,5017.9,0.0,0.0
2678,3,0.2987,1,0,1,0.2987,0.2609,0.5713,1,"tenure (increases churn risk, SHAP=1.432)","TechSupport_Yes (decreases churn risk, SHAP=-0.832)","StreamingTV_Yes (decreases churn risk, SHAP=-0.783)",42.0,99.0,4298.45,0.0,1.0
1874,2,0.3459,1,0,1,0.3459,0.2135,0.5705,1,"PaymentMethod_Electronic check (increases churn risk, SHAP=1.513)","tenure (increases churn risk, SHAP=1.022)","Contract_Two year (increases churn risk, SHAP=0.839)",54.0,55.45,2966.95,0.0,1.0
2233,3,0.3112,1,1,0,0.3112,0.2475,0.5703,1,"tenure (increases churn risk, SHAP=0.807)","TotalCharges (increases churn risk, SHAP=0.708)","OnlineSecurity_Yes (increases churn risk, SHAP=0.535)",49.0,95.6,4783.5,0.0,0.0
2551,3,0.3149,1,0,1,0.3149,0.2432,0.5695,1,"PaymentMethod_Electronic check (increases churn risk, SHAP=1.117)","tenure (increases churn risk, SHAP=1.042)","OnlineSecurity_Yes (decreases churn risk, SHAP=-1.030)",44.0,54.0,2440.25,0.0,1.0
2615,3,0.3713,1,1,0,0.3713,0.1876,0.5694,1,"MonthlyCharges (increases churn risk, SHAP=1.111)","Contract_Two year (increases churn risk, SHAP=0.858)","tenure (increases churn risk, SHAP=0.715)",43.0,103.0,4414.3,0.0,0.0
2308,3,0.3276,1,0,1,0.3276,0.23,0.569,1,"tenure (increases churn risk, SHAP=1.110)","Contract_Two year (increases churn risk, SHAP=0.979)","gender_Male (decreases churn risk, SHAP=-0.774)",47.0,103.7,4730.6,0.0,1.0
2652,3,0.3353,1,1,0,0.3353,0.2223,0.5688,1,"tenure (increases churn risk, SHAP=0.961)","Contract_Two year (increases churn risk, SHAP=0.645)","OnlineSecurity_Yes (increases churn risk, SHAP=0.606)",42.0,95.25,3959.35,0.0,0.0
2216,3,0.2699,1,0,1,0.2699,0.2843,0.5657,1,"tenure (increases churn risk, SHAP=1.069)","TechSupport_Yes (decreases churn risk, SHAP=-0.747)","TotalCharges (increases churn risk, SHAP=0.739)",49.0,93.85,4733.1,0.0,0.0
2733,3,0.3678,1,1,0,0.3678,0.1857,0.5638,1,"tenure (increases churn risk, SHAP=0.747)","Contract_Two year (increases churn risk, SHAP=0.591)","OnlineSecurity_Yes (increases churn risk, SHAP=0.498)",41.0,99.8,4259.3,0.0,0.0
1899,2,0.2446,1,0,1,0.2446,0.3066,0.5625,1,"tenure (increases churn risk, SHAP=0.913)","Contract_Two year (increases churn risk, SHAP=0.891)","PaymentMethod_Mailed check (decreases churn risk, SHAP=-0.743)",53.0,100.3,5200.8,0.0,1.0
1908,2,0.3726,1,1,0,0.3726,0.1796,0.5623,1,"PaymentMethod_Electronic check (increases churn risk, SHAP=1.684)","tenure (increases churn risk, SHAP=0.909)","Contract_Two year (increases churn risk, SHAP=0.900)",53.0,54.45,2854.55,0.0,0.0
2037,2,0.352,1,0,1,0.352,0.1986,0.5611,1,"PaymentMethod_Electronic check (increases churn risk, SHAP=1.624)","OnlineSecurity_Yes (increases churn risk, SHAP=0.695)","Contract_Two year (increases churn risk, SHAP=0.691)",51.0,49.65,2553.35,0.0,0.0
2179,3,0.3228,1,0,1,0.3228,0.2258,0.5595,1,"tenure (increases churn risk, SHAP=0.770)","MonthlyCharges (increases churn risk, SHAP=0.652)","Contract_Two year (increases churn risk, SHAP=0.573)",49.0,98.35,4889.2,0.0,0.0
1533,2,0.3031,1,0,1,0.3031,0.2449,0.5592,1,"tenure (increases churn risk, SHAP=1.681)","Contract_Two year (increases churn risk, SHAP=0.972)","MonthlyCharges (decreases churn risk, SHAP=-0.949)",59.0,79.85,4786.1,0.0,1.0
1570,2,0.3453,1,0,1,0.3453,0.203,0.5588,1,"Contract_Two year (increases churn risk, SHAP=0.894)","tenure (increases churn risk, SHAP=0.846)","OnlineSecurity_Yes (increases churn risk, SHAP=0.648)",58.0,92.85,5305.05,0.0,0.0
2725,3,0.3244,1,1,0,0.3244,0.2219,0.5571,1,"tenure (increases churn risk, SHAP=1.253)","Contract_Two year (increases churn risk, SHAP=0.961)","OnlineSecurity_Yes (increases churn risk, SHAP=0.568)",41.0,104.7,4346.4,0.0,0.0
2553,3,0.334,1,0,1,0.334,0.2122,0.5568,1,"PaymentMethod_Electronic check (increases churn risk, SHAP=1.551)","tenure (increases churn risk, SHAP=0.949)","Contract_Two year (increases churn risk, SHAP=0.624)",44.0,49.05,2265.0,0.0,1.0
1783,2,0.32,1,0,1,0.32,0.2256,0.5565,1,"MonthlyCharges (decreases churn risk, SHAP=-1.338)","tenure (increases churn risk, SHAP=1.033)","PaymentMethod_Electronic check (decreases churn risk, SHAP=-0.867)",55.0,50.05,2743.45,0.0,1.0
1580,2,0.3502,1,1,0,0.3502,0.1961,0.5565,1,"tenure (increases churn risk, SHAP=1.338)","MonthlyCharges (increases churn risk, SHAP=1.307)","Contract_Two year (increases churn risk, SHAP=0.839)",58.0,103.25,6017.65,0.0,1.0
1615,2,0.3357,1,0,1,0.3357,0.2097,0.556,1,"PaymentMethod_Electronic check (increases churn risk, SHAP=1.611)","Contract_Two year (increases churn risk, SHAP=0.918)","tenure (increases churn risk, SHAP=0.862)",57.0,55.0,3094.05,0.0,0.0
1675,2,0.2864,1,0,1,0.2864,0.2567,0.5541,1,"tenure (increases churn risk, SHAP=1.054)","Contract_Two year (increases churn risk, SHAP=0.807)","TotalCharges (increases churn risk, SHAP=0.763)",56.0,94.8,5264.3,0.0,1.0
1514,2,0.3728,1,0,1,0.3728,0.1713,0.5538,1,"PaymentMethod_Electronic check (increases churn risk, SHAP=1.684)","Contract_Two year (increases churn risk, SHAP=0.773)","OnlineSecurity_Yes (increases churn risk, SHAP=0.643)",59.0,50.25,2997.45,0.0,0.0
1567,2,0.364,1,0,1,0.364,0.1779,0.5517,1,"tenure (increases churn risk, SHAP=0.738)","Contract_Two year (increases churn risk, SHAP=0.701)","OnlineSecurity_Yes (increases churn risk, SHAP=0.517)",58.0,98.9,5780.7,0.0,0.0
1869,2,0.3332,1,0,1,0.3332,0.208,0.5516,1,"tenure (increases churn risk, SHAP=1.149)","TotalCharges (increases churn risk, SHAP=0.933)","Contract_Two year (increases churn risk, SHAP=0.804)",54.0,94.1,5060.9,0.0,1.0
1618,2,0.283,1,0,1,0.283,0.2558,0.5497,1,"tenure (increases churn risk, SHAP=1.387)","PaymentMethod_Electronic check (increases churn risk, SHAP=1.012)","Contract_Two year (increases churn risk, SHAP=0.784)",57.0,86.9,4939.25,0.0,1.0
2674,3,0.267,1,1,0,0.267,0.2717,0.5496,1,"PaymentMethod_Electronic check (increases churn risk, SHAP=1.197)","tenure (increases churn risk, SHAP=1.006)","Contract_Two year (increases churn risk, SHAP=0.970)",42.0,84.65,3541.35,0.0,0.0
2346,3,0.3702,1,1,0,0.3702,0.1685,0.548,1,"tenure (increases churn risk, SHAP=0.783)","Contract_Two year (increases churn risk, SHAP=0.584)","OnlineSecurity_Yes (increases churn risk, SHAP=0.507)",47.0,100.05,4871.05,0.0,0.0
2816,3,0.308,1,1,0,0.308,0.2289,0.5475,1,"tenure (increases churn risk, SHAP=1.319)","Contract_Two year (increases churn risk, SHAP=0.949)","OnlineSecurity_Yes (increases churn risk, SHAP=0.527)",40.0,104.5,4036.85,0.0,0.0
2184,3,0.1096,0,0,0,0.1096,0.4301,0.5468,1,"TechSupport_Yes (decreases churn risk, SHAP=-0.820)","tenure (increases churn risk, SHAP=0.809)","PaymentMethod_Mailed check (decreases churn risk, SHAP=-0.765)",49.0,100.85,4847.35,0.0,0.0
1467,2,0.356,1,1,0,0.356,0.1807,0.5464,1,"tenure (increases churn risk, SHAP=0.966)","Contract_Two year (increases churn risk, SHAP=0.656)","OnlineSecurity_Yes (increases churn risk, SHAP=0.628)",60.0,95.75,5742.9,0.0,0.0
2443,3,0.3703,1,1,0,0.3703,0.1654,0.5449,1,"tenure (increases churn risk, SHAP=0.777)","Contract_Two year (increases churn risk, SHAP=0.584)","OnlineSecurity_Yes (increases churn risk, SHAP=0.507)",46.0,101.0,4680.05,0.0,0.0
2682,3,0.0871,0,0,0,0.0871,0.4518,0.5448,1,"MonthlyCharges (decreases churn risk, SHAP=-1.572)","tenure (increases churn risk, SHAP=1.098)","Contract_Two year (increases churn risk, SHAP=1.049)",42.0,67.7,2882.25,0.0,1.0
2563,3,0.1625,1,1,0,0.1625,0.3726,0.5442,1,"Contract_Two year (increases churn risk, SHAP=1.153)","PaymentMethod_Mailed check (decreases churn risk, SHAP=-0.749)","TotalCharges (increases churn risk, SHAP=0.466)",43.0,109.55,4830.25,0.0,1.0
2787,3,0.2763,1,0,1,0.2763,0.2569,0.5439,1,"PaymentMethod_Electronic check (increases churn risk, SHAP=1.243)","Dependents (decreases churn risk, SHAP=-0.965)","Contract_Two year (increases churn risk, SHAP=0.681)",40.0,50.85,2036.55,0.0,0.0
2502,3,0.2242,1,0,1,0.2242,0.3088,0.5435,1,"Contract_Two year (increases churn risk, SHAP=1.569)","tenure (increases churn risk, SHAP=1.043)","MonthlyCharges (increases churn risk, SHAP=0.509)",45.0,115.65,5125.5,0.0,0.0
1824,2,0.3641,1,0,1,0.3641,0.1696,0.5429,1,"tenure (increases churn risk, SHAP=0.838)","Contract_Two year (increases churn risk, SHAP=0.579)","MonthlyCharges (increases churn risk, SHAP=0.511)",54.0,99.05,5295.7,0.0,0.0
2397,3,0.3685,1,0,1,0.3685,0.1633,0.5408,1,"tenure (increases churn risk, SHAP=0.747)","Contract_Two year (increases churn risk, SHAP=0.584)","OnlineSecurity_Yes (increases churn risk, SHAP=0.507)",46.0,98.85,4564.9,0.0,0.0
1642,2,0.3325,1,0,1,0.3325,0.1969,0.5392,1,"PaymentMethod_Electronic check (increases churn risk, SHAP=1.150)","Contract_Two year (increases churn risk, SHAP=0.814)","tenure (increases churn risk, SHAP=0.791)",57.0,90.65,5199.8,0.0,1.0
2128,3,0.2222,1,0,1,0.2222,0.3065,0.5389,1,"tenure (increases churn risk, SHAP=1.235)","StreamingTV_Yes (decreases churn risk, SHAP=-0.880)","TotalCharges (increases churn risk, SHAP=0.744)",50.0,94.4,4914.9,0.0,0.0
2092,2,0.3056,1,1,0,0.3056,0.2231,0.5389,1,"tenure (increases churn risk, SHAP=0.912)","TotalCharges (increases churn risk, SHAP=0.804)","Contract_Two year (increases churn risk, SHAP=0.561)",51.0,93.8,4750.95,0.0,0.0
2047,2,0.1657,1,0,1,0.1657,0.3621,0.5368,1,"TotalCharges (increases churn risk, SHAP=0.938)","tenure (increases churn risk, SHAP=0.919)","PaymentMethod_Mailed check (decreases churn risk, SHAP=-0.784)",51.0,95.15,5000.05,0.0,1.0
2115,3,0.2766,1,0,1,0.2766,0.2498,0.5368,1,"tenure (increases churn risk, SHAP=0.949)","Contract_One year (decreases churn risk, SHAP=-0.599)","OnlineSecurity_Yes (increases churn risk, SHAP=0.459)",50.0,98.25,4858.7,0.0,1.0
1480,2,0.3143,1,1,0,0.3143,0.2124,0.5367,1,"tenure (increases churn risk, SHAP=0.920)","Contract_Two year (increases churn risk, SHAP=0.732)","Contract_One year (decreases churn risk, SHAP=-0.599)",60.0,94.4,5610.25,0.0,1.0
1645,2,0.3288,1,1,0,0.3288,0.1979,0.5365,1,"MonthlyCharges (decreases churn risk, SHAP=-2.821)","PaymentMethod_Electronic check (increases churn risk, SHAP=1.529)","Contract_Two year (increases churn risk, SHAP=0.666)",57.0,44.85,2572.95,0.0,0.0
2547,3,0.3218,1,0,1,0.3218,0.2044,0.5361,1,"PaymentMethod_Electronic check (increases churn risk, SHAP=1.247)","MonthlyCharges (decreases churn risk, SHAP=-0.937)","Contract_Two year (increases churn risk, SHAP=0.882)",44.0,89.2,4040.2,0.0,0.0
1770,2,0.3414,1,0,1,0.3414,0.185,0.536,1,"tenure (increases churn risk, SHAP=0.932)","TotalCharges (increases churn risk, SHAP=0.857)","Contract_Two year (increases churn risk, SHAP=0.601)",55.0,94.45,5073.1,0.0,0.0
1535,2,0.3703,1,1,0,0.3703,0.1563,0.5353,1,"tenure (increases churn risk, SHAP=0.786)","MonthlyCharges (increases churn risk, SHAP=0.621)","Contract_Two year (increases churn risk, SHAP=0.565)",59.0,93.85,5574.75,0.0,0.0
2484,3,0.3327,1,0,1,0.3327,0.19,0.5322,1,"tenure (increases churn risk, SHAP=1.284)","MonthlyCharges (decreases churn risk, SHAP=-0.637)","Partner (increases churn risk, SHAP=0.508)",45.0,108.45,4964.7,0.0,0.0
1568,2,0.3648,1,1,0,0.3648,0.1583,0.5318,1,"tenure (increases churn risk, SHAP=0.783)","Contract_Two year (increases churn risk, SHAP=0.591)","OnlineSecurity_Yes (increases churn risk, SHAP=0.509)",58.0,98.7,5812.6,0.0,0.0
2405,3,0.2302,1,1,0,0.2302,0.291,0.5312,1,"MonthlyCharges (decreases churn risk, SHAP=-1.397)","tenure (increases churn risk, SHAP=1.233)","StreamingTV_Yes (decreases churn risk, SHAP=-1.227)",46.0,85.0,3969.4,0.0,0.0
1976,2,0.3432,1,0,1,0.3432,0.1779,0.5303,1,"tenure (increases churn risk, SHAP=0.987)","TotalCharges (increases churn risk, SHAP=0.968)","OnlineSecurity_Yes (increases churn risk, SHAP=0.554)",52.0,94.6,5025.8,0.0,0.0
1653,2,0.3421,1,0,1,0.3421,0.1786,0.5298,1,"MonthlyCharges (increases churn risk, SHAP=1.262)","tenure (increases churn risk, SHAP=1.058)","Contract_Two year (increases churn risk, SHAP=0.858)",57.0,103.05,5925.75,0.0,0.0
2338,3,0.0982,0,1,1,0.0982,0.4252,0.5296,1,"MonthlyCharges (decreases churn risk, SHAP=-1.589)","tenure (increases churn risk, SHAP=1.033)","Contract_Two year (increases churn risk, SHAP=1.029)",47.0,85.5,4042.3,0.0,0.0
1862,2,0.3025,1,0,1,0.3025,0.2171,0.5295,1,"tenure (increases churn risk, SHAP=1.219)","TotalCharges (increases churn risk, SHAP=0.985)","Contract_One year (decreases churn risk, SHAP=-0.558)",54.0,94.75,5121.75,0.0,1.0
1437,2,0.3392,1,0,1,0.3392,0.1779,0.5261,1,"tenure (increases churn risk, SHAP=0.778)","Contract_Two year (increases churn risk, SHAP=0.588)","PaymentMethod_Electronic check (increases churn risk, SHAP=0.386)",60.0,99.0,6017.9,0.0,0.0
1913,2,0.3695,1,1,0,0.3695,0.1477,0.5254,1,"MonthlyCharges (increases churn risk, SHAP=1.174)","Contract_Two year (increases churn risk, SHAP=0.838)","tenure (increases churn risk, SHAP=0.736)",53.0,101.9,5549.4,0.0,0.0
2668,3,0.2566,1,0,1,0.2566,0.2559,0.5223,1,"tenure (increases churn risk, SHAP=1.175)","StreamingTV_Yes (decreases churn risk, SHAP=-0.955)","TechSupport_Yes (decreases churn risk, SHAP=-0.756)",42.0,94.4,4014.6,0.0,0.0
2302,3,0.3141,1,0,1,0.3141,0.1982,0.5216,1,"tenure (increases churn risk, SHAP=1.085)","gender_Male (decreases churn risk, SHAP=-0.836)","Contract_Two year (increases churn risk, SHAP=0.809)",48.0,103.85,4946.05,0.0,0.0
2304,3,0.344,1,0,1,0.344,0.1683,0.521,1,"tenure (increases churn risk, SHAP=0.874)","Contract_Two year (increases churn risk, SHAP=0.808)","OnlineSecurity_Yes (increases churn risk, SHAP=0.626)",47.0,104.1,5135.15,0.0,0.0
2074,2,0.2335,1,1,0,0.2335,0.276,0.5192,1,"tenure (increases churn risk, SHAP=1.277)","TotalCharges (increases churn risk, SHAP=0.901)","TechSupport_Yes (decreases churn risk, SHAP=-0.823)",51.0,94.8,4837.6,0.0,1.0
1636,2,0.36,1,1,0,0.36,0.1489,0.5169,1,"tenure (increases churn risk, SHAP=0.850)","Contract_Two year (increases churn risk, SHAP=0.528)","OnlineSecurity_Yes (increases churn risk, SHAP=0.509)",57.0,100.6,5746.15,0.0,0.0
1829,2,0.0463,0,0,0,0.0463,0.4666,0.5161,1,"MonthlyCharges (decreases churn risk, SHAP=-1.632)","tenure (increases churn risk, SHAP=1.115)","Contract_Two year (increases churn risk, SHAP=0.990)",54.0,89.8,4667.0,0.0,0.0
2677,3,0.2729,1,0,1,0.2729,0.2331,0.5155,1,"TotalCharges (increases churn risk, SHAP=0.645)","tenure (increases churn risk, SHAP=0.611)","Contract_Two year (increases churn risk, SHAP=0.534)",42.0,95.05,3944.5,0.0,0.0
1784,2,0.2676,1,0,1,0.2676,0.2379,0.5151,1,"tenure (increases churn risk, SHAP=1.323)","MonthlyCharges (decreases churn risk, SHAP=-1.296)","Contract_Two year (increases churn risk, SHAP=0.816)",55.0,90.4,5099.15,0.0,0.0
2671,3,0.2591,1,0,1,0.2591,0.2453,0.5139,1,"Contract_Two year (increases churn risk, SHAP=0.934)","MonthlyCharges (decreases churn risk, SHAP=-0.931)","PaymentMethod_Electronic check (increases churn risk, SHAP=0.921)",42.0,92.15,3875.4,0.0,0.0
2373,3,0.2982,1,0,1,0.2982,0.2064,0.5138,1,"tenure (increases churn risk, SHAP=0.982)","Contract_One year (decreases churn risk, SHAP=-0.651)","TotalCharges (increases churn risk, SHAP=0.613)",46.0,94.65,4312.5,0.0,1.0
2394,3,0.3015,1,0,1,0.3015,0.1991,0.5096,1,"Contract_Two year (increases churn risk, SHAP=0.995)","tenure (increases churn risk, SHAP=0.977)","MonthlyCharges (increases churn risk, SHAP=0.665)",46.0,99.8,4391.25,0.0,0.0
1656,2,0.33,1,0,1,0.33,0.1711,0.5095,1,"tenure (increases churn risk, SHAP=0.795)","MonthlyCharges (increases churn risk, SHAP=0.601)","Contract_Two year (increases churn risk, SHAP=0.573)",57.0,100.6,5611.7,0.0,0.0
2036,2,0.2042,1,0,1,0.2042,0.2956,0.5088,1,"tenure (increases churn risk, SHAP=1.276)","OnlineSecurity_Yes (decreases churn risk, SHAP=-1.030)","MonthlyCharges (decreases churn risk, SHAP=-0.906)",52.0,91.25,4738.3,0.0,1.0
1870,2,0.2487,1,0,1,0.2487,0.2507,0.5087,1,"StreamingTV_Yes (decreases churn risk, SHAP=-2.249)","tenure (increases churn risk, SHAP=1.251)","Contract_Two year (increases churn risk, SHAP=1.101)",54.0,90.05,4931.8,0.0,0.0
1475,2,0.3341,1,0,1,0.3341,0.1661,0.5085,1,"MonthlyCharges (increases churn risk, SHAP=1.635)","tenure (increases churn risk, SHAP=0.937)","Contract_Two year (increases churn risk, SHAP=0.759)",60.0,103.75,5969.95,0.0,0.0
1922,2,0.2856,1,0,1,0.2856,0.2129,0.5076,1,"tenure (increases churn risk, SHAP=1.445)","Contract_Two year (increases churn risk, SHAP=0.852)","TotalCharges (increases churn risk, SHAP=0.753)",53.0,95.95,5036.9,0.0,1.0
2390,3,0.3205,1,1,0,0.3205,0.1774,0.5064,1,"MonthlyCharges (increases churn risk, SHAP=0.922)","tenure (increases churn risk, SHAP=0.834)","Contract_Two year (increases churn risk, SHAP=0.628)",46.0,100.7,4541.2,0.0,0.0
2446,3,0.2172,1,0,1,0.2172,0.2798,0.5061,1,"Contract_Two year (increases churn risk, SHAP=1.629)","tenure (increases churn risk, SHAP=1.018)","MultipleLines_Yes (decreases churn risk, SHAP=-0.508)",45.0,112.2,5031.85,0.0,1.0
2742,3,0.2361,1,0,1,0.2361,0.2602,0.5056,1,"tenure (increases churn risk, SHAP=1.248)","PaymentMethod_Electronic check (increases churn risk, SHAP=1.057)","Contract_Two year (increases churn risk, SHAP=1.055)",41.0,89.55,3729.75,0.0,1.0
2305,3,0.3291,1,0,1,0.3291,0.1682,0.5056,1,"tenure (increases churn risk, SHAP=0.850)","OnlineSecurity_Yes (increases churn risk, SHAP=0.574)","Contract_Two year (increases churn risk, SHAP=0.517)",47.0,100.5,4707.1,0.0,0.0
2353,3,0.2352,1,0,1,0.2352,0.2601,0.5045,1,"MonthlyCharges (decreases churn risk, SHAP=-1.337)","tenure (increases churn risk, SHAP=1.221)","Contract_Two year (increases churn risk, SHAP=1.200)",47.0,86.95,4138.9,0.0,1.0
2100,2,0.0553,0,0,0,0.0553,0.4455,0.5045,1,"MonthlyCharges (decreases churn risk, SHAP=-1.354)","tenure (increases churn risk, SHAP=1.136)","Contract_Two year (increases churn risk, SHAP=0.792)",51.0,86.35,4267.15,0.0,1.0
1934,2,0.146,1,0,1,0.146,0.35,0.5037,1,"TotalCharges (increases churn risk, SHAP=1.004)","Contract_Two year (increases churn risk, SHAP=0.943)","tenure (increases churn risk, SHAP=0.899)",53.0,96.75,5206.55,0.0,1.0
1583,2,0.2931,1,0,1,0.2931,0.2018,0.5037,1,"MonthlyCharges (decreases churn risk, SHAP=-1.037)","Contract_Two year (increases churn risk, SHAP=0.968)","PaymentMethod_Electronic check (increases churn risk, SHAP=0.919)",58.0,91.55,5511.65,0.0,0.0
2750,3,0.2491,1,0,1,0.2491,0.2436,0.5018,1,"PaymentMethod_Electronic check (increases churn risk, SHAP=1.109)","tenure (increases churn risk, SHAP=1.074)","Contract_Two year (increases churn risk, SHAP=0.973)",41.0,80.55,3263.9,0.0,1.0
1468,2,0.3154,1,0,1,0.3154,0.1764,0.5002,1,"tenure (increases churn risk, SHAP=0.805)","Contract_Two year (increases churn risk, SHAP=0.634)","OnlineSecurity_Yes (increases churn risk, SHAP=0.577)",60.0,99.8,5985.75,0.0,0.0
1477,2,0.2221,1,0,1,0.2221,0.2679,0.4989,1,"MonthlyCharges (decreases churn risk, SHAP=-1.426)","tenure (increases churn risk, SHAP=1.168)","StreamingTV_Yes (decreases churn risk, SHAP=-1.124)",60.0,71.75,4374.55,0.0,1.0
1892,2,0.3111,1,1,0,0.3111,0.1789,0.4984,1,"tenure (increases churn risk, SHAP=0.931)","TotalCharges (increases churn risk, SHAP=0.731)","Contract_Two year (increases churn risk, SHAP=0.719)",53.0,94.25,4867.95,0.0,1.0
2545,3,0.2647,1,0,1,0.2647,0.2244,0.498,1,"tenure (increases churn risk, SHAP=1.400)","MonthlyCharges (decreases churn risk, SHAP=-1.301)","Contract_Two year (increases churn risk, SHAP=1.079)",44.0,85.25,3704.15,0.0,1.0
1610,2,0.295,1,1,0,0.295,0.1939,0.4974,1,"MonthlyCharges (decreases churn risk, SHAP=-2.686)","PaymentMethod_Electronic check (increases churn risk, SHAP=1.550)","tenure (increases churn risk, SHAP=0.883)",57.0,39.3,2111.45,0.0,0.0
2311,3,0.2264,1,0,1,0.2264,0.2614,0.4967,1,"tenure (increases churn risk, SHAP=1.406)","MonthlyCharges (decreases churn risk, SHAP=-1.380)","Contract_Two year (increases churn risk, SHAP=1.035)",47.0,86.05,3865.6,0.0,0.0
2732,3,0.2763,1,1,0,0.2763,0.2113,0.4963,1,"MonthlyCharges (decreases churn risk, SHAP=-1.163)","PaymentMethod_Electronic check (increases churn risk, SHAP=1.115)","tenure (increases churn risk, SHAP=0.964)",41.0,73.0,3001.2,0.0,1.0
2587,3,0.2926,1,0,1,0.2926,0.1948,0.4959,1,"MonthlyCharges (increases churn risk, SHAP=0.834)","tenure (increases churn risk, SHAP=0.832)","OnlineSecurity_Yes (increases churn risk, SHAP=0.525)",43.0,99.3,4209.95,0.0,0.0
2805,3,0.1064,0,0,0,0.1064,0.3832,0.4957,1,"MonthlyCharges (decreases churn risk, SHAP=-1.437)","tenure (increases churn risk, SHAP=1.109)","Contract_Two year (increases churn risk, SHAP=0.809)",40.0,80.75,3208.65,0.0,1.0
2213,3,0.2374,1,0,1,0.2374,0.2492,0.4954,1,"tenure (increases churn risk, SHAP=0.830)","TotalCharges (increases churn risk, SHAP=0.577)","OnlineSecurity_Yes (increases churn risk, SHAP=0.525)",49.0,95.4,4613.95,0.0,0.0
1872,2,0.0976,0,0,0,0.0976,0.3918,0.4952,1,"Contract_Two year (increases churn risk, SHAP=1.352)","MonthlyCharges (increases churn risk, SHAP=0.926)","PaymentMethod_Mailed check (decreases churn risk, SHAP=-0.739)",54.0,114.65,6049.5,0.0,1.0
1713,2,0.2453,1,1,0,0.2453,0.2408,0.495,1,"StreamingTV_Yes (decreases churn risk, SHAP=-1.450)","tenure (increases churn risk, SHAP=1.422)","TotalCharges (increases churn risk, SHAP=0.842)",56.0,94.45,5124.6,0.0,0.0
2134,3,0.1909,1,0,1,0.1909,0.2951,0.4944,1,"Contract_Two year (increases churn risk, SHAP=1.483)","tenure (increases churn risk, SHAP=1.061)","MonthlyCharges (increases churn risk, SHAP=0.656)",50.0,114.35,5791.1,0.0,1.0
2510,3,0.2709,1,1,0,0.2709,0.2136,0.4932,1,"tenure (increases churn risk, SHAP=0.772)","TotalCharges (increases churn risk, SHAP=0.619)","OnlineSecurity_Yes (increases churn risk, SHAP=0.574)",44.0,96.1,4364.1,0.0,0.0
1434,2,0.2995,1,0,1,0.2995,0.1851,0.4929,1,"MonthlyCharges (decreases churn risk, SHAP=-1.167)","PaymentMethod_Electronic check (increases churn risk, SHAP=1.086)","tenure (increases churn risk, SHAP=1.032)",60.0,89.55,5231.2,1.0,0.0
1962,2,0.228,1,1,0,0.228,0.2558,0.4926,1,"StreamingTV_Yes (decreases churn risk, SHAP=-2.249)","tenure (increases churn risk, SHAP=1.363)","MonthlyCharges (decreases churn risk, SHAP=-1.299)",52.0,85.35,4338.6,0.0,0.0
1436,2,0.2763,1,0,1,0.2763,0.2072,0.4921,1,"PaymentMethod_Electronic check (increases churn risk, SHAP=1.243)","Dependents (decreases churn risk, SHAP=-0.965)","Contract_Two year (increases churn risk, SHAP=0.681)",60.0,49.75,3069.45,0.0,0.0
2224,3,0.1192,0,1,1,0.1192,0.3659,0.4915,1,"MonthlyCharges (increases churn risk, SHAP=0.836)","tenure (increases churn risk, SHAP=0.792)","PaymentMethod_Mailed check (decreases churn risk, SHAP=-0.774)",49.0,100.45,4941.8,0.0,1.0
2765,3,0.2036,1,1,0,0.2036,0.2791,0.4912,1,"tenure (increases churn risk, SHAP=1.379)","Contract_Two year (increases churn risk, SHAP=0.774)","PaperlessBilling (decreases churn risk, SHAP=-0.570)",40.0,104.8,4131.95,0.0,0.0
1925,2,0.2917,1,1,0,0.2917,0.1911,0.4912,1,"tenure (increases churn risk, SHAP=1.326)","TotalCharges (increases churn risk, SHAP=0.937)","StreamingTV_Yes (decreases churn risk, SHAP=-0.898)",53.0,93.9,5029.2,0.0,0.0
2170,3,0.2712,1,1,0,0.2712,0.2109,0.4907,1,"TotalCharges (increases churn risk, SHAP=0.841)","tenure (increases churn risk, SHAP=0.689)","Contract_Two year (increases churn risk, SHAP=0.636)",50.0,95.05,4888.7,0.0,0.0
1955,2,0.372,1,1,0,0.372,0.1121,0.4903,1,"Contract_Two year (increases churn risk, SHAP=0.851)","MonthlyCharges (increases churn risk, SHAP=0.822)","tenure (increases churn risk, SHAP=0.575)",53.0,103.85,5485.5,0.0,0.0
2192,3,0.2552,1,0,1,0.2552,0.2261,0.49,1,"tenure (increases churn risk, SHAP=0.977)","TotalCharges (increases churn risk, SHAP=0.622)","Contract_One year (decreases churn risk, SHAP=-0.380)",49.0,97.95,4917.9,0.0,1.0
2793,3,0.0377,0,0,0,0.0377,0.4497,0.49,1,"MonthlyCharges (decreases churn risk, SHAP=-1.324)","tenure (increases churn risk, SHAP=0.934)","Contract_Two year (increases churn risk, SHAP=0.874)",40.0,65.1,2586.0,0.0,0.0
1305,1,0.3286,1,1,0,0.3286,0.1523,0.4884,1,"tenure (increases churn risk, SHAP=1.576)","MonthlyCharges (increases churn risk, SHAP=1.115)","StreamingTV_Yes (decreases churn risk, SHAP=-0.731)",62.0,102.0,6529.25,0.0,1.0
2221,3,0.2718,1,0,1,0.2718,0.2081,0.4884,1,"Contract_Two year (increases churn risk, SHAP=0.861)","tenure (increases churn risk, SHAP=0.806)","OnlineSecurity_Yes (increases churn risk, SHAP=0.635)",49.0,99.4,5025.0,0.0,0.0
2476,3,0.0928,0,0,0,0.0928,0.3898,0.4881,1,"Contract_Two year (increases churn risk, SHAP=1.308)","PaymentMethod_Mailed check (decreases churn risk, SHAP=-0.753)","tenure (increases churn risk, SHAP=0.708)",45.0,113.3,5032.25,0.0,1.0
1464,2,0.259,1,0,1,0.259,0.2169,0.4843,1,"Contract_Two year (increases churn risk, SHAP=1.147)","MonthlyCharges (increases churn risk, SHAP=1.043)","tenure (increases churn risk, SHAP=1.016)",60.0,109.45,6572.85,0.0,0.0
846,1,0.3571,1,0,1,0.3571,0.1191,0.4826,1,"tenure (increases churn risk, SHAP=1.433)","TotalCharges (decreases churn risk, SHAP=-0.592)","Contract_Two year (increases churn risk, SHAP=0.582)",67.0,101.4,6841.05,0.0,0.0
1565,2,0.2314,1,0,1,0.2314,0.2417,0.4815,1,"tenure (increases churn risk, SHAP=1.214)","Contract_Two year (increases churn risk, SHAP=0.912)","MonthlyCharges (increases churn risk, SHAP=0.761)",58.0,99.15,5720.95,0.0,1.0
1418,2,0.2083,1,0,1,0.2083,0.2643,0.4808,1,"Contract_Two year (increases churn risk, SHAP=1.433)","tenure (increases churn risk, SHAP=1.300)","TotalCharges (decreases churn risk, SHAP=-0.727)",60.0,116.6,7049.5,0.0,1.0
1527,2,0.2601,1,0,1,0.2601,0.2111,0.4794,1,"PaymentMethod_Electronic check (increases churn risk, SHAP=1.439)","tenure (increases churn risk, SHAP=1.289)","Contract_Two year (increases churn risk, SHAP=0.916)",59.0,64.65,3735.45,0.0,0.0
1863,2,0.316,1,1,0,0.316,0.153,0.4763,1,"tenure (increases churn risk, SHAP=0.874)","Contract_Two year (increases churn risk, SHAP=0.815)","OnlineSecurity_Yes (increases churn risk, SHAP=0.617)",54.0,104.3,5278.15,0.0,0.0
1687,2,0.2845,1,0,1,0.2845,0.1813,0.4736,1,"tenure (increases churn risk, SHAP=1.024)","Contract_Two year (increases churn risk, SHAP=0.590)","MonthlyCharges (increases churn risk, SHAP=0.352)",56.0,96.95,5432.2,0.0,0.0
1594,2,0.2809,1,1,0,0.2809,0.1835,0.4721,1,"tenure (increases churn risk, SHAP=1.318)","Contract_Two year (increases churn risk, SHAP=0.725)","Partner (increases churn risk, SHAP=0.476)",58.0,104.65,6219.6,0.0,1.0
2023,2,0.1896,1,0,1,0.1896,0.2728,0.4701,1,"MonthlyCharges (decreases churn risk, SHAP=-1.256)","tenure (increases churn risk, SHAP=1.027)","Contract_Two year (increases churn risk, SHAP=0.966)",52.0,48.8,2555.05,0.0,0.0
1979,2,0.2538,1,0,1,0.2538,0.2083,0.47,1,"PaymentMethod_Electronic check (increases churn risk, SHAP=1.454)","Contract_Two year (increases churn risk, SHAP=0.861)","tenure (increases churn risk, SHAP=0.777)",52.0,50.5,2566.3,0.0,0.0
1830,2,0.2222,1,0,1,0.2222,0.2392,0.4694,1,"tenure (increases churn risk, SHAP=1.399)","MonthlyCharges (decreases churn risk, SHAP=-1.342)","StreamingTV_Yes (decreases churn risk, SHAP=-0.924)",54.0,84.4,4484.05,0.0,1.0
1812,2,0.323,1,0,1,0.323,0.1383,0.468,1,"MonthlyCharges (increases churn risk, SHAP=0.904)","tenure (increases churn risk, SHAP=0.864)","Contract_Two year (increases churn risk, SHAP=0.779)",55.0,103.65,5676.65,0.0,0.0
1698,2,0.0934,0,0,0,0.0934,0.3693,0.4679,1,"Contract_Two year (increases churn risk, SHAP=1.208)","tenure (increases churn risk, SHAP=0.810)","PaymentMethod_Mailed check (decreases churn risk, SHAP=-0.745)",56.0,109.6,5953.0,0.0,0.0
1868,2,0.0712,0,0,0,0.0712,0.3922,0.4676,1,"MonthlyCharges (decreases churn risk, SHAP=-1.909)","Contract_Two year (increases churn risk, SHAP=1.208)","tenure (increases churn risk, SHAP=1.041)",54.0,69.9,3883.3,0.0,0.0
2082,2,0.2188,1,0,1,0.2188,0.2402,0.4669,1,"tenure (increases churn risk, SHAP=1.475)","MonthlyCharges (decreases churn risk, SHAP=-1.123)","Contract_Two year (increases churn risk, SHAP=0.946)",51.0,81.15,4126.2,0.0,1.0
1321,1,0.3544,1,1,0,0.3544,0.1062,0.4662,1,"tenure (increases churn risk, SHAP=1.323)","TotalCharges (increases churn risk, SHAP=0.640)","Contract_Two year (increases churn risk, SHAP=0.576)",62.0,96.75,6125.4,0.0,1.0
1754,2,0.0536,0,0,0,0.0536,0.4077,0.4645,1,"MonthlyCharges (decreases churn risk, SHAP=-1.441)","tenure (increases churn risk, SHAP=1.188)","PaymentMethod_Mailed check (decreases churn risk, SHAP=-0.774)",56.0,52.7,3019.7,0.0,1.0
1809,2,0.2062,1,1,0,0.2062,0.2491,0.463,1,"tenure (increases churn risk, SHAP=1.033)","TotalCharges (increases churn risk, SHAP=0.778)","TechSupport_Yes (decreases churn risk, SHAP=-0.743)",55.0,96.75,5238.9,0.0,0.0
794,1,0.2652,1,0,1,0.2652,0.1893,0.462,1,"tenure (increases churn risk, SHAP=1.743)","MonthlyCharges (decreases churn risk, SHAP=-1.308)","Contract_Two year (increases churn risk, SHAP=0.994)",68.0,76.9,5023.0,0.0,1.0
1647,2,0.3112,1,0,1,0.3112,0.1439,0.4618,1,"tenure (increases churn risk, SHAP=1.092)","MonthlyCharges (increases churn risk, SHAP=0.879)","StreamingTV_Yes (decreases churn risk, SHAP=-0.737)",57.0,93.75,5625.55,1.0,0.0
873,1,0.3577,1,0,1,0.3577,0.0973,0.4602,1,"tenure (increases churn risk, SHAP=0.807)","Contract_Two year (increases churn risk, SHAP=0.567)","TotalCharges (increases churn risk, SHAP=0.487)",67.0,94.65,6079.0,0.0,0.0
1919,2,0.0997,0,0,0,0.0997,0.3546,0.4596,1,"tenure (increases churn risk, SHAP=1.042)","TechSupport_Yes (decreases churn risk, SHAP=-0.857)","PaymentMethod_Mailed check (decreases churn risk, SHAP=-0.791)",53.0,98.6,5311.85,0.0,1.0
1821,2,0.2445,1,1,0,0.2445,0.2055,0.4576,1,"tenure (increases churn risk, SHAP=1.100)","Contract_Two year (increases churn risk, SHAP=0.660)","gender_Male (decreases churn risk, SHAP=-0.504)",54.0,100.1,5440.9,0.0,0.0
1428,2,0.2744,1,0,1,0.2744,0.1755,0.4571,1,"Contract_Two year (increases churn risk, SHAP=0.769)","tenure (increases churn risk, SHAP=0.757)","Contract_One year (decreases churn risk, SHAP=-0.599)",60.0,97.95,5867.0,0.0,1.0
954,1,0.3631,1,1,0,0.3631,0.089,0.457,1,"tenure (increases churn risk, SHAP=1.090)","MonthlyCharges (increases churn risk, SHAP=0.734)","TotalCharges (decreases churn risk, SHAP=-0.518)",66.0,99.5,6822.15,0.0,0.0
1518,2,0.3088,1,1,0,0.3088,0.1413,0.4566,1,"tenure (increases churn risk, SHAP=0.876)","OnlineSecurity_Yes (increases churn risk, SHAP=0.592)","Contract_Two year (increases churn risk, SHAP=0.564)",59.0,101.1,6039.9,0.0,0.0
1702,2,0.1958,1,0,1,0.1958,0.2517,0.4549,1,"MonthlyCharges (decreases churn risk, SHAP=-1.629)","tenure (increases churn risk, SHAP=1.303)","Contract_Two year (increases churn risk, SHAP=1.129)",56.0,75.75,4284.65,0.0,1.0
2108,2,0.2912,1,0,1,0.2912,0.1556,0.4536,1,"MonthlyCharges (increases churn risk, SHAP=1.358)","tenure (increases churn risk, SHAP=0.970)","Contract_Two year (increases churn risk, SHAP=0.826)",50.0,103.4,5236.4,0.0,1.0
1825,2,0.1572,1,0,1,0.1572,0.2887,0.4527,1,"tenure (increases churn risk, SHAP=1.863)","StreamingTV_Yes (decreases churn risk, SHAP=-1.642)","MonthlyCharges (decreases churn risk, SHAP=-1.373)",54.0,89.4,4869.5,0.0,0.0
979,1,0.3359,1,1,0,0.3359,0.111,0.4524,1,"tenure (increases churn risk, SHAP=1.488)","Contract_Two year (increases churn risk, SHAP=0.907)","OnlineSecurity_Yes (increases churn risk, SHAP=0.651)",66.0,99.5,6710.5,0.0,0.0
1052,1,0.3644,1,0,1,0.3644,0.0829,0.4518,1,"tenure (increases churn risk, SHAP=1.078)","Contract_Two year (increases churn risk, SHAP=0.980)","MonthlyCharges (increases churn risk, SHAP=0.921)",65.0,99.1,6496.15,0.0,0.0
1061,1,0.3077,1,0,1,0.3077,0.1353,0.4492,1,"tenure (increases churn risk, SHAP=1.548)","TotalCharges (increases churn risk, SHAP=0.798)","StreamingTV_Yes (decreases churn risk, SHAP=-0.731)",65.0,93.55,6069.25,0.0,1.0
1714,2,0.1595,1,0,1,0.1595,0.2827,0.449,1,"MonthlyCharges (decreases churn risk, SHAP=-1.481)","tenure (increases churn risk, SHAP=1.409)","StreamingTV_Yes (decreases churn risk, SHAP=-1.219)",56.0,86.4,4922.4,0.0,0.0
1789,2,0.1866,1,0,1,0.1866,0.253,0.4467,1,"Contract_Two year (increases churn risk, SHAP=1.545)","tenure (increases churn risk, SHAP=0.884)","Partner (increases churn risk, SHAP=0.317)",55.0,116.5,6382.55,0.0,0.0
1803,2,0.2175,1,0,1,0.2175,0.222,0.4467,1,"StreamingTV_Yes (decreases churn risk, SHAP=-1.696)","tenure (increases churn risk, SHAP=1.336)","Contract_Two year (increases churn risk, SHAP=0.950)",55.0,64.2,3627.3,0.0,1.0
1780,2,0.0605,0,0,0,0.0605,0.3813,0.4453,1,"tenure (increases churn risk, SHAP=0.930)","PaymentMethod_Mailed check (decreases churn risk, SHAP=-0.793)","TechSupport_Yes (decreases churn risk, SHAP=-0.734)",55.0,100.9,5448.6,0.0,1.0
1835,2,0.1938,1,0,1,0.1938,0.2426,0.4435,1,"Contract_Two year (increases churn risk, SHAP=1.253)","tenure (increases churn risk, SHAP=1.036)","MonthlyCharges (decreases churn risk, SHAP=-0.791)",54.0,109.55,6118.95,0.0,0.0
1447,2,0.2452,1,0,1,0.2452,0.189,0.4411,1,"tenure (increases churn risk, SHAP=1.093)","MonthlyCharges (increases churn risk, SHAP=0.992)","Contract_One year (decreases churn risk, SHAP=-0.583)",60.0,102.5,6157.6,0.0,1.0
1584,2,0.1754,1,0,1,0.1754,0.2586,0.4408,1,"tenure (increases churn risk, SHAP=1.516)","MonthlyCharges (decreases churn risk, SHAP=-1.304)","Contract_Two year (increases churn risk, SHAP=0.886)",58.0,71.1,4299.2,0.0,1.0
1131,1,0.3348,1,0,1,0.3348,0.0972,0.4368,1,"MonthlyCharges (increases churn risk, SHAP=1.462)","tenure (increases churn risk, SHAP=0.896)","Contract_Two year (increases churn risk, SHAP=0.850)",64.0,103.5,6548.65,0.0,0.0
1806,2,0.1359,1,0,1,0.1359,0.2949,0.4368,1,"tenure (increases churn risk, SHAP=1.600)","MonthlyCharges (decreases churn risk, SHAP=-1.188)","TechSupport_Yes (decreases churn risk, SHAP=-0.833)",55.0,84.25,4589.85,0.0,1.0
1900,2,0.2757,1,1,0,0.2757,0.1539,0.436,1,"tenure (increases churn risk, SHAP=0.851)","MonthlyCharges (increases churn risk, SHAP=0.644)","Contract_Two year (increases churn risk, SHAP=0.621)",53.0,98.4,5149.5,0.0,0.0
1923,2,0.2394,1,0,1,0.2394,0.1891,0.4353,1,"StreamingTV_Yes (decreases churn risk, SHAP=-1.926)","tenure (increases churn risk, SHAP=1.396)","PaymentMethod_Electronic check (increases churn risk, SHAP=1.004)",53.0,61.1,3357.9,0.0,1.0
1387,1,0.28,1,0,1,0.28,0.1478,0.434,1,"tenure (increases churn risk, SHAP=1.295)","MonthlyCharges (increases churn risk, SHAP=0.806)","TechSupport_Yes (decreases churn risk, SHAP=-0.777)",61.0,104.0,6363.45,0.0,1.0
1234,1,0.3713,1,1,0,0.3713,0.0594,0.434,1,"tenure (increases churn risk, SHAP=1.089)","MonthlyCharges (increases churn risk, SHAP=1.040)","Contract_Two year (increases churn risk, SHAP=0.722)",63.0,103.4,6603.0,0.0,0.0
924,1,0.0966,0,0,0,0.0966,0.3325,0.4339,1,"MonthlyCharges (decreases churn risk, SHAP=-1.770)","StreamingTV_Yes (decreases churn risk, SHAP=-1.623)","tenure (increases churn risk, SHAP=1.275)",67.0,75.7,5060.85,0.0,0.0
994,1,0.3098,1,0,1,0.3098,0.118,0.4333,1,"tenure (increases churn risk, SHAP=1.534)","MonthlyCharges (increases churn risk, SHAP=0.918)","gender_Male (decreases churn risk, SHAP=-0.874)",66.0,103.1,6595.0,0.0,0.0
1132,1,0.3315,1,0,1,0.3315,0.094,0.4302,1,"tenure (increases churn risk, SHAP=1.216)","Contract_Two year (increases churn risk, SHAP=1.029)","MonthlyCharges (increases churn risk, SHAP=0.851)",64.0,99.15,6171.2,0.0,0.0
1651,2,0.2189,1,0,1,0.2189,0.2044,0.4301,1,"StreamingTV_Yes (decreases churn risk, SHAP=-1.711)","tenure (increases churn risk, SHAP=1.186)","PaymentMethod_Electronic check (increases churn risk, SHAP=0.928)",57.0,53.5,3035.8,0.0,1.0
1246,1,0.3695,1,0,1,0.3695,0.0537,0.4262,1,"MonthlyCharges (increases churn risk, SHAP=1.144)","tenure (increases churn risk, SHAP=0.913)","Contract_Two year (increases churn risk, SHAP=0.722)",63.0,102.4,6444.05,0.0,0.0
764,1,0.2209,1,0,1,0.2209,0.1895,0.4166,1,"tenure (increases churn risk, SHAP=1.784)","MonthlyCharges (decreases churn risk, SHAP=-1.240)","Contract_Two year (increases churn risk, SHAP=0.931)",68.0,76.75,5233.25,0.0,1.0
1007,1,0.1925,1,0,1,0.1925,0.2169,0.4156,1,"MonthlyCharges (increases churn risk, SHAP=0.879)","tenure (increases churn risk, SHAP=0.863)","PaymentMethod_Mailed check (decreases churn risk, SHAP=-0.716)",66.0,96.6,6424.25,1.0,0.0
1162,1,0.2325,1,0,1,0.2325,0.176,0.4146,1,"tenure (increases churn risk, SHAP=1.743)","MonthlyCharges (decreases churn risk, SHAP=-0.997)","Contract_Two year (increases churn risk, SHAP=0.927)",64.0,84.3,5289.05,0.0,1.0
972,1,0.3187,1,1,0,0.3187,0.0903,0.4133,1,"tenure (increases churn risk, SHAP=1.352)","Contract_Two year (increases churn risk, SHAP=0.758)","TotalCharges (decreases churn risk, SHAP=-0.655)",66.0,105.0,7133.25,0.0,0.0
1178,1,0.3331,1,0,1,0.3331,0.0732,0.41,1,"MonthlyCharges (increases churn risk, SHAP=1.344)","tenure (increases churn risk, SHAP=1.302)","TotalCharges (increases churn risk, SHAP=0.914)",64.0,99.25,6549.45,1.0,0.0
1386,1,0.1156,0,0,0,0.1156,0.2873,0.4079,1,"Contract_Two year (increases churn risk, SHAP=1.241)","tenure (increases churn risk, SHAP=1.011)","PaymentMethod_Mailed check (decreases churn risk, SHAP=-0.753)",61.0,115.1,6993.65,0.0,1.0
823,1,0.2545,1,0,1,0.2545,0.1409,0.4008,1,"Contract_Two year (increases churn risk, SHAP=1.986)","tenure (increases churn risk, SHAP=1.180)","MonthlyCharges (increases churn risk, SHAP=0.989)",68.0,117.2,8035.95,0.0,1.0
1277,1,0.3022,1,0,1,0.3022,0.0943,0.4008,1,"tenure (increases churn risk, SHAP=1.193)","TotalCharges (increases churn risk, SHAP=0.672)","Contract_Two year (increases churn risk, SHAP=0.513)",62.0,94.0,5757.2,0.0,1.0
1405,1,0.3396,1,1,0,0.3396,0.0581,0.4006,1,"tenure (increases churn risk, SHAP=0.795)","MonthlyCharges (increases churn risk, SHAP=0.708)","OnlineSecurity_Yes (increases churn risk, SHAP=0.568)",61.0,99.15,6010.05,0.0,0.0
1322,1,0.3351,1,0,1,0.3351,0.0549,0.3927,1,"MonthlyCharges (increases churn risk, SHAP=1.398)","tenure (increases churn risk, SHAP=1.063)","Contract_Two year (decreases churn risk, SHAP=-0.427)",62.0,104.05,6590.5,1.0,0.0
1001,1,0.2794,1,1,0,0.2794,0.1078,0.3917,1,"tenure (increases churn risk, SHAP=1.349)","Contract_Two year (increases churn risk, SHAP=0.577)","MonthlyCharges (increases churn risk, SHAP=0.437)",66.0,100.05,6871.9,0.0,0.0
1142,1,0.2845,1,0,1,0.2845,0.1004,0.3892,1,"tenure (increases churn risk, SHAP=1.656)","TotalCharges (decreases churn risk, SHAP=-0.611)","Contract_Two year (increases churn risk, SHAP=0.582)",64.0,104.65,6889.8,0.0,1.0
1398,1,0.1694,1,0,1,0.1694,0.2134,0.3882,1,"PaymentMethod_Mailed check (decreases churn risk, SHAP=-0.764)","tenure (increases churn risk, SHAP=0.713)","MonthlyCharges (increases churn risk, SHAP=0.566)",61.0,98.3,6066.55,0.0,1.0
885,1,0.2405,1,1,0,0.2405,0.1393,0.3848,1,"Contract_Two year (increases churn risk, SHAP=1.948)","tenure (increases churn risk, SHAP=1.166)","MonthlyCharges (increases churn risk, SHAP=1.022)",67.0,118.35,7804.15,0.0,1.0
1022,1,0.2406,1,0,1,0.2406,0.1371,0.3827,1,"Contract_Two year (increases churn risk, SHAP=1.803)","MonthlyCharges (increases churn risk, SHAP=1.264)","tenure (increases churn risk, SHAP=1.121)",66.0,115.8,7942.15,0.0,1.0
1380,1,0.2985,1,0,1,0.2985,0.0785,0.3805,1,"PaymentMethod_Electronic check (increases churn risk, SHAP=1.068)","tenure (increases churn risk, SHAP=0.986)","Contract_Two year (increases churn risk, SHAP=0.782)",61.0,79.8,4914.8,0.0,1.0
1183,1,0.2617,1,0,1,0.2617,0.1117,0.3778,1,"tenure (increases churn risk, SHAP=1.398)","MonthlyCharges (increases churn risk, SHAP=0.595)","PaperlessBilling (decreases churn risk, SHAP=-0.566)",64.0,102.1,6688.1,0.0,1.0
1316,1,0.2895,1,1,0,0.2895,0.0828,0.3759,1,"tenure (increases churn risk, SHAP=1.157)","Contract_One year (decreases churn risk, SHAP=-0.545)","Contract_Two year (increases churn risk, SHAP=0.527)",62.0,100.15,6413.65,0.0,1.0
1325,1,0.321,1,0,1,0.321,0.0508,0.3743,1,"tenure (increases churn risk, SHAP=0.850)","OnlineSecurity_Yes (increases churn risk, SHAP=0.584)","Contract_Two year (increases churn risk, SHAP=0.517)",62.0,101.35,6164.7,0.0,0.0
723,1,0.3501,1,0,1,0.3501,0.0228,0.374,1,"tenure (increases churn risk, SHAP=0.898)","OnlineSecurity_Yes (increases churn risk, SHAP=0.632)","Contract_Two year (decreases churn risk, SHAP=-0.438)",69.0,105.0,7297.75,1.0,0.0
1406,1,0.3026,1,0,1,0.3026,0.0663,0.3719,1,"MonthlyCharges (increases churn risk, SHAP=0.898)","tenure (increases churn risk, SHAP=0.860)","Contract_One year (decreases churn risk, SHAP=-0.634)",61.0,99.0,5969.3,0.0,1.0
836,1,0.0419,0,0,0,0.0419,0.3277,0.3717,1,"MonthlyCharges (decreases churn risk, SHAP=-1.346)","tenure (increases churn risk, SHAP=1.166)","TechSupport_Yes (decreases churn risk, SHAP=-0.839)",68.0,54.45,3687.75,0.0,0.0
963,1,0.2709,1,1,0,0.2709,0.096,0.3708,1,"tenure (increases churn risk, SHAP=1.219)","MonthlyCharges (increases churn risk, SHAP=0.724)","Contract_Two year (increases churn risk, SHAP=0.542)",66.0,104.05,6890.0,0.0,1.0
1221,1,0.334,1,0,1,0.334,0.0339,0.3697,1,"gender_Male (decreases churn risk, SHAP=-0.703)","Contract_Two year (increases churn risk, SHAP=0.701)","tenure (increases churn risk, SHAP=0.506)",63.0,103.5,6479.4,0.0,0.0
1063,1,0.3214,1,0,1,0.3214,0.0451,0.3687,1,"MonthlyCharges (increases churn risk, SHAP=1.153)","tenure (increases churn risk, SHAP=1.074)","StreamingTV_Yes (decreases churn risk, SHAP=-0.653)",65.0,94.55,6078.75,1.0,0.0
928,1,0.23,1,0,1,0.23,0.1334,0.368,1,"MonthlyCharges (decreases churn risk, SHAP=-1.580)","tenure (increases churn risk, SHAP=1.438)","Contract_Two year (increases churn risk, SHAP=1.052)",67.0,88.8,5903.15,0.0,1.0
1306,1,0.3183,1,1,0,0.3183,0.0472,0.3677,1,"Contract_Two year (increases churn risk, SHAP=0.856)","tenure (increases churn risk, SHAP=0.772)","MonthlyCharges (increases churn risk, SHAP=0.638)",62.0,100.15,6283.3,0.0,0.0
714,1,0.255,1,1,0,0.255,0.1083,0.3674,1,"tenure (increases churn risk, SHAP=1.580)","Contract_Two year (increases churn risk, SHAP=0.732)","TotalCharges (decreases churn risk, SHAP=-0.660)",69.0,104.7,7220.35,0.0,1.0
1298,1,0.3166,1,1,0,0.3166,0.0473,0.3661,1,"tenure (increases churn risk, SHAP=0.639)","Contract_Two year (increases churn risk, SHAP=0.629)","Contract_One year (decreases churn risk, SHAP=-0.608)",62.0,103.75,6383.35,0.0,1.0
787,1,0.2447,1,0,1,0.2447,0.117,0.366,1,"StreamingTV_Yes (decreases churn risk, SHAP=-1.751)","tenure (increases churn risk, SHAP=1.306)","TotalCharges (increases churn risk, SHAP=0.982)",68.0,95.9,6503.2,0.0,0.0
1395,1,0.2531,1,0,1,0.2531,0.1087,0.366,1,"tenure (increases churn risk, SHAP=1.225)","MonthlyCharges (decreases churn risk, SHAP=-1.028)","TechSupport_Yes (decreases churn risk, SHAP=-0.757)",61.0,106.45,6300.15,0.0,0.0
1093,1,0.3186,1,0,1,0.3186,0.0435,0.3642,1,"Contract_Two year (increases churn risk, SHAP=0.726)","tenure (increases churn risk, SHAP=0.590)","OnlineSecurity_Yes (increases churn risk, SHAP=0.531)",65.0,104.35,6578.55,0.0,0.0
795,1,0.3041,1,1,0,0.3041,0.0568,0.3635,1,"MonthlyCharges (decreases churn risk, SHAP=-1.758)","tenure (increases churn risk, SHAP=0.902)","TotalCharges (decreases churn risk, SHAP=-0.640)",68.0,105.3,7299.65,0.0,0.0
995,1,0.2224,1,0,1,0.2224,0.1362,0.3631,1,"Contract_Two year (increases churn risk, SHAP=1.367)","tenure (increases churn risk, SHAP=1.163)","MonthlyCharges (increases churn risk, SHAP=0.577)",66.0,114.3,7383.7,0.0,1.0
1356,1,0.2975,1,0,1,0.2975,0.0626,0.3628,1,"tenure (increases churn risk, SHAP=1.007)","Contract_One year (decreases churn risk, SHAP=-0.623)","OnlineSecurity_Yes (increases churn risk, SHAP=0.447)",61.0,99.9,6241.35,0.0,1.0
1367,1,0.2975,1,0,1,0.2975,0.0624,0.3627,1,"tenure (increases churn risk, SHAP=1.206)","MonthlyCharges (increases churn risk, SHAP=1.017)","Contract_Two year (increases churn risk, SHAP=0.484)",61.0,99.4,5943.65,0.0,0.0
1120,1,0.2174,1,0,1,0.2174,0.1389,0.3608,1,"tenure (increases churn risk, SHAP=1.501)","Contract_Two year (increases churn risk, SHAP=0.837)","TotalCharges (decreases churn risk, SHAP=-0.661)",64.0,100.3,6603.8,0.0,1.0
971,1,0.0509,0,0,0,0.0509,0.3075,0.3607,1,"MonthlyCharges (decreases churn risk, SHAP=-1.509)","tenure (increases churn risk, SHAP=1.155)","Contract_Two year (increases churn risk, SHAP=0.744)",66.0,54.8,3465.7,0.0,1.0
931,1,0.2026,1,0,1,0.2026,0.1534,0.3606,1,"MonthlyCharges (decreases churn risk, SHAP=-1.614)","tenure (increases churn risk, SHAP=1.463)","Contract_Two year (increases churn risk, SHAP=0.942)",67.0,72.35,4991.5,0.0,1.0
789,1,0.1734,1,0,1,0.1734,0.1809,0.359,1,"tenure (increases churn risk, SHAP=1.899)","TechSupport_Yes (decreases churn risk, SHAP=-0.775)","MonthlyCharges (increases churn risk, SHAP=0.624)",68.0,101.35,7110.75,0.0,1.0
893,1,0.0402,0,0,0,0.0402,0.3168,0.3589,1,"MonthlyCharges (decreases churn risk, SHAP=-1.461)","tenure (increases churn risk, SHAP=1.265)","TechSupport_Yes (decreases churn risk, SHAP=-0.853)",67.0,75.1,5064.45,0.0,1.0
744,1,0.2687,1,0,1,0.2687,0.0856,0.3578,1,"tenure (increases churn risk, SHAP=1.219)","TotalCharges (increases churn risk, SHAP=1.161)","Contract_One year (decreases churn risk, SHAP=-0.712)",69.0,95.75,6511.25,0.0,1.0
769,1,0.2478,1,0,1,0.2478,0.1045,0.3562,1,"tenure (increases churn risk, SHAP=1.301)","Contract_One year (decreases churn risk, SHAP=-0.668)","TotalCharges (decreases churn risk, SHAP=-0.529)",68.0,101.05,6770.5,0.0,1.0
1374,1,0.2749,1,0,1,0.2749,0.0774,0.3555,1,"tenure (increases churn risk, SHAP=1.094)","gender_Male (decreases churn risk, SHAP=-0.839)","Contract_Two year (increases churn risk, SHAP=0.799)",61.0,103.95,6423.0,0.0,1.0
727,1,0.2698,1,0,1,0.2698,0.081,0.3541,1,"tenure (increases churn risk, SHAP=1.408)","MonthlyCharges (decreases churn risk, SHAP=-0.997)","TotalCharges (decreases churn risk, SHAP=-0.479)",69.0,105.2,7386.05,0.0,1.0
1108,1,0.2958,1,0,1,0.2958,0.0557,0.354,1,"MonthlyCharges (increases churn risk, SHAP=1.371)","tenure (increases churn risk, SHAP=1.047)","Contract_One year (decreases churn risk, SHAP=-0.595)",65.0,103.15,6792.45,0.0,1.0
948,1,0.2304,1,0,1,0.2304,0.1189,0.3533,1,"tenure (increases churn risk, SHAP=1.412)","Contract_Two year (increases churn risk, SHAP=0.723)","TotalCharges (decreases churn risk, SHAP=-0.588)",66.0,104.25,6860.6,0.0,1.0
1278,1,0.1982,1,0,1,0.1982,0.148,0.3506,1,"tenure (increases churn risk, SHAP=1.489)","TechSupport_Yes (decreases churn risk, SHAP=-0.797)","StreamingTV_Yes (decreases churn risk, SHAP=-0.707)",62.0,92.3,5731.45,0.0,1.0
1271,1,0.185,1,0,1,0.185,0.1596,0.349,1,"tenure (increases churn risk, SHAP=1.461)","MonthlyCharges (decreases churn risk, SHAP=-1.294)","Contract_Two year (increases churn risk, SHAP=1.146)",62.0,74.3,4698.05,0.0,1.0
1099,1,0.2346,1,0,1,0.2346,0.1097,0.3482,1,"tenure (increases churn risk, SHAP=1.351)","Contract_Two year (increases churn risk, SHAP=0.949)","MonthlyCharges (decreases churn risk, SHAP=-0.684)",65.0,110.0,7138.65,0.0,1.0
1408,1,0.303,1,0,1,0.303,0.0421,0.347,1,"MonthlyCharges (increases churn risk, SHAP=0.995)","tenure (increases churn risk, SHAP=0.774)","OnlineSecurity_Yes (increases churn risk, SHAP=0.592)",60.0,101.15,6067.4,1.0,0.0
992,1,0.2242,1,0,1,0.2242,0.1176,0.3457,1,"Contract_Two year (increases churn risk, SHAP=1.713)","TotalCharges (decreases churn risk, SHAP=-0.808)","tenure (increases churn risk, SHAP=0.771)",66.0,116.25,7862.25,0.0,1.0
1010,1,0.2104,1,0,1,0.2104,0.1291,0.3436,1,"tenure (increases churn risk, SHAP=1.310)","MonthlyCharges (decreases churn risk, SHAP=-1.247)","Contract_Two year (increases churn risk, SHAP=0.721)",66.0,92.15,6056.9,0.0,1.0
1242,1,0.3034,1,0,1,0.3034,0.0363,0.3414,1,"tenure (increases churn risk, SHAP=0.945)","OnlineSecurity_Yes (increases churn risk, SHAP=0.585)","Contract_Two year (decreases churn risk, SHAP=-0.539)",63.0,104.75,6536.5,1.0,0.0
1258,1,0.2011,1,0,1,0.2011,0.1361,0.3413,1,"tenure (increases churn risk, SHAP=1.530)","MonthlyCharges (decreases churn risk, SHAP=-1.373)","Contract_Two year (increases churn risk, SHAP=0.910)",63.0,68.8,4111.35,0.0,1.0
1137,1,0.0987,0,0,0,0.0987,0.2379,0.3401,1,"tenure (increases churn risk, SHAP=0.782)","MultipleLines_Yes (decreases churn risk, SHAP=-0.760)","PaymentMethod_Mailed check (decreases churn risk, SHAP=-0.760)",64.0,96.9,6314.35,0.0,1.0
1112,1,0.2496,1,1,0,0.2496,0.0854,0.3382,1,"tenure (increases churn risk, SHAP=1.245)","Contract_Two year (increases churn risk, SHAP=0.526)","gender_Male (decreases churn risk, SHAP=-0.508)",64.0,100.05,6254.2,0.0,1.0
951,1,0.2506,1,0,1,0.2506,0.0843,0.338,1,"tenure (increases churn risk, SHAP=0.899)","TotalCharges (decreases churn risk, SHAP=-0.655)","Contract_Two year (increases churn risk, SHAP=0.552)",66.0,100.8,6690.75,0.0,0.0
1218,1,0.3017,1,0,1,0.3017,0.0344,0.3377,1,"MonthlyCharges (increases churn risk, SHAP=0.735)","tenure (increases churn risk, SHAP=0.678)","OnlineSecurity_Yes (increases churn risk, SHAP=0.641)",63.0,102.6,6296.75,1.0,0.0
760,1,0.249,1,1,0,0.249,0.0843,0.3364,1,"tenure (increases churn risk, SHAP=0.899)","TotalCharges (decreases churn risk, SHAP=-0.655)","Contract_Two year (increases churn risk, SHAP=0.552)",68.0,100.2,6851.65,0.0,0.0
1231,1,0.2135,1,0,1,0.2135,0.1152,0.3324,1,"tenure (increases churn risk, SHAP=1.413)","MonthlyCharges (decreases churn risk, SHAP=-1.382)","StreamingTV_Yes (decreases churn risk, SHAP=-0.924)",63.0,71.5,4576.3,0.0,1.0
1097,1,0.2444,1,1,0,0.2444,0.0834,0.3309,1,"MonthlyCharges (decreases churn risk, SHAP=-1.356)","tenure (increases churn risk, SHAP=1.182)","Contract_Two year (increases churn risk, SHAP=0.984)",65.0,91.85,5940.85,0.0,0.0
1348,1,0.2447,1,0,1,0.2447,0.0829,0.3306,1,"MonthlyCharges (increases churn risk, SHAP=1.092)","tenure (increases churn risk, SHAP=1.052)","Contract_Two year (increases churn risk, SHAP=0.644)",61.0,103.9,6449.15,0.0,1.0
1205,1,0.3098,1,0,1,0.3098,0.0161,0.3266,1,"tenure (increases churn risk, SHAP=0.870)","OnlineSecurity_Yes (increases churn risk, SHAP=0.621)","TotalCharges (decreases churn risk, SHAP=-0.580)",63.0,104.8,6597.25,1.0,0.0
1394,1,0.2931,1,1,0,0.2931,0.0312,0.3257,1,"MonthlyCharges (decreases churn risk, SHAP=-1.368)","tenure (increases churn risk, SHAP=0.946)","OnlineSecurity_Yes (increases churn risk, SHAP=0.637)",61.0,105.55,6281.45,0.0,0.0
725,1,0.1542,1,0,1,0.1542,0.1675,0.3256,1,"TotalCharges (increases churn risk, SHAP=1.074)","MonthlyCharges (increases churn risk, SHAP=0.721)","PaymentMethod_Mailed check (decreases churn risk, SHAP=-0.699)",69.0,92.45,6460.55,1.0,0.0
940,1,0.1912,1,1,0,0.1912,0.13,0.3249,1,"tenure (increases churn risk, SHAP=1.287)","StreamingTV_Yes (decreases churn risk, SHAP=-0.726)","TotalCharges (increases churn risk, SHAP=0.606)",67.0,94.35,6341.45,0.0,1.0
1235,1,0.2045,1,0,1,0.2045,0.1153,0.3234,1,"tenure (increases churn risk, SHAP=1.636)","MonthlyCharges (decreases churn risk, SHAP=-1.092)","Contract_Two year (increases churn risk, SHAP=0.778)",63.0,80.0,5040.2,0.0,1.0
1350,1,0.0431,0,0,0,0.0431,0.2778,0.3227,1,"MonthlyCharges (decreases churn risk, SHAP=-1.837)","StreamingTV_Yes (decreases churn risk, SHAP=-1.569)","tenure (increases churn risk, SHAP=1.392)",61.0,89.2,5500.6,0.0,0.0
733,1,0.2914,1,0,1,0.2914,0.0284,0.321,1,"tenure (increases churn risk, SHAP=0.882)","MonthlyCharges (increases churn risk, SHAP=0.773)","TotalCharges (decreases churn risk, SHAP=-0.396)",69.0,99.35,6856.45,1.0,0.0
1227,1,0.2185,1,0,1,0.2185,0.0978,0.3195,1,"Contract_Two year (increases churn risk, SHAP=1.282)","tenure (increases churn risk, SHAP=1.067)","TotalCharges (decreases churn risk, SHAP=-0.699)",63.0,109.4,7031.45,0.0,0.0
1282,1,0.2029,1,0,1,0.2029,0.112,0.3183,1,"MonthlyCharges (decreases churn risk, SHAP=-1.630)","tenure (increases churn risk, SHAP=1.389)","Contract_Two year (increases churn risk, SHAP=1.307)",62.0,80.4,4981.15,0.0,0.0
898,1,0.2763,1,0,1,0.2763,0.0388,0.3167,1,"MonthlyCharges (increases churn risk, SHAP=1.045)","tenure (increases churn risk, SHAP=0.653)","TotalCharges (increases churn risk, SHAP=0.471)",67.0,94.1,6302.8,1.0,0.0
1113,1,0.1955,1,0,1,0.1955,0.1151,0.3139,1,"tenure (increases churn risk, SHAP=1.297)","MonthlyCharges (decreases churn risk, SHAP=-1.152)","Contract_Two year (increases churn risk, SHAP=0.909)",64.0,81.25,5567.55,0.0,1.0
1181,1,0.0419,0,0,0,0.0419,0.2687,0.3123,1,"MonthlyCharges (decreases churn risk, SHAP=-1.958)","tenure (increases churn risk, SHAP=1.091)","Contract_Two year (increases churn risk, SHAP=0.892)",64.0,73.55,4764.0,0.0,0.0
1270,1,0.194,1,0,1,0.194,0.1132,0.3105,1,"tenure (increases churn risk, SHAP=1.086)","PaymentMethod_Electronic check (increases churn risk, SHAP=1.035)","Contract_Two year (increases churn risk, SHAP=0.716)",62.0,84.45,4959.15,0.0,1.0
774,1,0.0577,0,0,0,0.0577,0.2501,0.3099,1,"TotalCharges (decreases churn risk, SHAP=-1.421)","Contract_Two year (decreases churn risk, SHAP=-1.075)","tenure (increases churn risk, SHAP=0.885)",68.0,118.6,7990.05,1.0,0.0
1252,1,0.2121,1,0,1,0.2121,0.0947,0.3098,1,"tenure (increases churn risk, SHAP=1.450)","MonthlyCharges (decreases churn risk, SHAP=-1.366)","Contract_Two year (increases churn risk, SHAP=0.879)",63.0,90.05,5817.0,0.0,1.0
1096,1,0.2114,1,0,1,0.2114,0.0952,0.3097,1,"tenure (increases churn risk, SHAP=1.164)","TotalCharges (increases churn risk, SHAP=0.744)","Contract_One year (decreases churn risk, SHAP=-0.572)",65.0,95.5,6153.85,0.0,1.0
869,1,0.1789,1,0,1,0.1789,0.1272,0.3096,1,"MonthlyCharges (decreases churn risk, SHAP=-1.589)","tenure (increases churn risk, SHAP=1.151)","MultipleLines_Yes (decreases churn risk, SHAP=-0.778)",67.0,49.35,3321.35,0.0,1.0
848,1,0.1552,1,1,0,0.1552,0.1506,0.3093,1,"tenure (increases churn risk, SHAP=1.435)","gender_Male (decreases churn risk, SHAP=-0.851)","Contract_Two year (increases churn risk, SHAP=0.770)",67.0,102.95,6886.25,0.0,0.0
1392,1,0.2295,1,0,1,0.2295,0.0756,0.3077,1,"tenure (increases churn risk, SHAP=1.045)","StreamingTV_Yes (decreases churn risk, SHAP=-0.786)","Contract_Two year (increases churn risk, SHAP=0.619)",61.0,94.2,5895.45,0.0,0.0
1345,1,0.1825,1,0,1,0.1825,0.1207,0.3064,1,"Contract_Two year (increases churn risk, SHAP=1.405)","tenure (increases churn risk, SHAP=1.160)","TotalCharges (decreases churn risk, SHAP=-0.681)",61.0,118.6,7365.7,0.0,1.0
1332,1,0.221,1,0,1,0.221,0.0811,0.3048,1,"tenure (increases churn risk, SHAP=1.043)","Contract_One year (decreases churn risk, SHAP=-0.571)","TotalCharges (increases churn risk, SHAP=0.528)",61.0,96.5,5673.7,0.0,1.0
1039,1,0.229,1,0,1,0.229,0.072,0.3035,1,"tenure (increases churn risk, SHAP=0.962)","Contract_Two year (increases churn risk, SHAP=0.761)","TotalCharges (increases churn risk, SHAP=0.649)",65.0,95.45,6223.3,0.0,0.0
874,1,0.2012,1,0,1,0.2012,0.0989,0.3031,1,"Contract_Two year (increases churn risk, SHAP=1.185)","MonthlyCharges (increases churn risk, SHAP=1.037)","tenure (increases churn risk, SHAP=0.988)",67.0,109.4,7281.6,0.0,1.0
1164,1,0.2729,1,0,1,0.2729,0.0289,0.3029,1,"MonthlyCharges (increases churn risk, SHAP=1.144)","tenure (increases churn risk, SHAP=0.969)","OnlineSecurity_Yes (increases churn risk, SHAP=0.585)",64.0,104.4,6692.65,1.0,0.0
1047,1,0.214,1,1,0,0.214,0.0854,0.3022,1,"tenure (increases churn risk, SHAP=1.517)","MonthlyCharges (decreases churn risk, SHAP=-1.250)","TotalCharges (decreases churn risk, SHAP=-0.832)",65.0,109.15,6941.2,0.0,0.0
796,1,0.1874,1,1,0,0.1874,0.1099,0.3004,1,"tenure (increases churn risk, SHAP=1.497)","MonthlyCharges (decreases churn risk, SHAP=-1.242)","TotalCharges (decreases churn risk, SHAP=-0.781)",68.0,108.45,7176.55,0.0,1.0
